,video_id,video_title,upload_date,view_count,like_count,comment_count,categories,year
0,AjRXlSwk-E0,iddaa.com | Salernitana - Torino (0-1) - MaÃ§ Ã–zeti - Serie A 2021/22,2022-04-02,2034,71,7,Serie A,2022
1,F9xbW-yWtu8,iddaa.com | Brighton - Norwich (0-0) - MaÃ§ Ã–zeti - Premier League 2021/22,2022-04-02,3021,97,8,Premier League,2022
2,leUGYEfLUBY,iddaa.com | Wolves - Aston Villa (2-1) - MaÃ§ Ã–zeti - Premier League 2021/22,2022-04-02,24705,489,31,Premier League,2022
3,R2f6vHRvOJ0,Andrea Belotti Ä°le Torino 1-0 Ã–ne GeÃ§ti! #SerieA,2022-04-02,2497,60,5,Serie A,2022
4,SKZ8pxV-KGw,iddaa.com | Manchester United - Leicester City (1-1) - MaÃ§ Ã–zeti - Premier League 2021/22,2022-04-02,186284,3546,279,Premier League,2022
5,dBzterJAn3Q,iddaa.com | Lazio - Sassuolo (2-1) - MaÃ§ Ã–zeti - Serie A 2021/22,2022-04-02,13085,263,30,Serie A,2022
6,klnWbxooZf4,"Lazio, Sergej Milinkovic-Savic ile farkÄ± ikiye Ã§Ä±karÄ±yor!  #SerieA",2022-04-02,2394,65,2,Serie A,2022
7,hnjxHPWLUi0,Manchester United&#39;Ä±n Beraberlik GolÃ¼! #PremierLeague,2022-04-02,40510,780,60,Premier League,2022
8,UAB5Ts9xvhI,"Sassuolo, Hamed Traore ile farkÄ± bire indiriyor!   #SerieA",2022-04-02,1624,43,4,Serie A,2022
9,owvsedh1gg0,Leicester City&#39;nin GolÃ¼! #PremierLeague,2022-04-02,9786,343,35,Premier League,2022
10,NZB2pAaTM38,iddaa.com | Chelsea - Brentford (1-4) - MaÃ§ Ã–zeti - Premier League 2021/22,2022-04-02,238515,5550,288,Premier League,2022
11,JOTlrCzrfBs,iddaa.com | Leeds United - Southampton (1-1) - MaÃ§ Ã–zeti - Premier League 2021/22,2022-04-02,20642,451,27,Premier League,2022
12,PubiVDAPy6A,"Manuel Lazzari, Lazio&#39;yu Sassuolo karÅŸÄ±sÄ±nda Ã¶ne geÃ§iriyor! #SerieA",2022-04-02,2843,92,13,Serie A,2022
13,3M2WEPvp3NI,"James Ward-Prowse, frikikten yine harika bir gole imza atÄ±yor! #PremierLeague",2022-04-02,65541,2468,152,Premier League,2022
14,xnyvXEpwj9A,iddaa.com | Burnley - Manchester City (0-2) - MaÃ§ Ã–zeti - Premier League 2021/22,2022-04-02,158878,3130,179,Premier League,2022
15,3yuEzBPzCdM,Wissa&#39;nÄ±n GolÃ¼ Ä°le Brentford FarkÄ± AÃ§Ä±yor! #PremierLeague,2022-04-02,19308,285,56,Premier League,2022
16,Hqo8cP7xLlA,iddaa.com | Spezia - Venezia (1-0) - MaÃ§ Ã–zeti - Serie A 2021/22,2022-04-02,2086,79,3,Serie A,2022
17,toOYHBq_TC4,Eriksen&#39;den Brentford&#39;Ä± Ã–ne GeÃ§iren Gol! #PremierLeague,2022-04-02,78139,1477,87,Premier League,2022
18,NMpRo9_PQaU,Antonio RÃ¼diger&#39;den MUHTEÅEM GOLLLLL! ğŸ”¥ğŸ”¥ğŸ”¥ #PremierLeague,2022-04-02,248692,6424,220,Premier League,2022
19,5iCG6WZtc5s,Emmanuel Gyasi&#39;nin Son Saniye GolÃ¼ Sizlerle! ğŸ”¥ #SerieA,2022-04-02,9060,143,5,Serie A,2022
20,S0j6itl-bv8,Ashley Young Topu Kendi AÄŸlarÄ±na GÃ¶nderdi! #PremierLeague,2022-04-02,13576,144,12,Premier League,2022
21,aqc1yYublLs,Raphinha&#39;nÄ±n Ã‡abasÄ± GolÃ¼ Getirdi! #PremierLeague,2022-04-02,10260,128,6,Premier League,2022
22,E3bSCn2os3g,Ä°lkay GÃ¼ndoÄŸan FarkÄ± 2&#39;ye Ã‡Ä±karttÄ±! #PremierLeague,2022-04-02,40137,551,66,Premier League,2022
23,Vpj8yi0iC9w,"Manchester City, Kevin De Bruyne ile 1-0 Ã–ne GeÃ§ti!",2022-04-02,42479,687,67,other,2022
24,3jsalkQUC4U,"Wolves, Otto Ä°le Ã–ne GeÃ§ti! #PremierLeague",2022-04-02,4281,70,8,Premier League,2022
25,KPyvxWQcdWA,iddaa.com | Liverpool - Watford (2-0) - MaÃ§ Ã–zeti - Premier League 2021/22,2022-04-02,275904,4703,253,Premier League,2022
26,T5DWTvTGjbg,"Liverpool, Fabinho ile skoru 2-0 YapÄ±yor! #PremierLeague",2022-04-02,12602,272,26,Premier League,2022
27,5CIjyWHGQAs,"Liverpool, Jota ile 1-0 Ã–ne GeÃ§ti! #PremierLeague",2022-04-02,48456,970,62,Premier League,2022
28,6f0ZQwRUv5A,KadÄ±nlar MaÃ§Ä± Nefes Kesti! | WWE SmackDown,2022-04-02,3537,28,8,WWE,2022
29,lyVj75yBRAA,NBA | En Ä°yi Oyunlar,2022-04-02,1074,20,1,NBA,2022
30,cL1nynFVkeQ,iddaa.com | Phoenix Suns - Memphis Grizzlies MaÃ§ Ã–zeti - NBA 2021/22,2022-04-02,561,13,0,NBA,2022
31,fWEnTaGmFVw,iddaa.com | New Orleans Pelicans - LA Lakers MaÃ§ Ã–zeti - NBA 2021/22,2022-04-02,1184,17,3,NBA,2022
32,j31SoO_HOqU,iddaa.com | Detroit Pistons - Oklahoma City Thunder MaÃ§ Ã–zeti - NBA 2021/22,2022-04-02,154,7,0,NBA,2022
33,2Cz3_lhnRvQ,iddaa.com | Sacramento Kings - Houston Rockets MaÃ§ Ã–zeti - NBA 2021/22,2022-04-02,266,8,0,NBA,2022
34,Kzkv1JujKhg,iddaa.com | Dallas Mavericks - Washington Wizards MaÃ§ Ã–zeti - NBA 2021/22,2022-04-02,312,8,0,NBA,2022
35,6HQmI9CBmOA,iddaa.com | Indiana Pacers - Boston Celtics MaÃ§ Ã–zeti - NBA 2021/22,2022-04-02,434,13,0,NBA,2022
36,-g5UQCq_KoM,iddaa.com | Portland Trail Blazers - San Antonio Spurs MaÃ§ Ã–zeti - NBA 2021/22,2022-04-02,421,19,0,NBA,2022
37,j1HVv6SVqZk,iddaa.com | Toronto Raptors - Orlando Magic MaÃ§ Ã–zeti - NBA 2021/22,2022-04-02,276,11,1,NBA,2022
38,9BZGUfFturg,iddaa.com | Minnesota Timberwolves - Denver Nuggets MaÃ§ Ã–zeti - NBA 2021/22,2022-04-02,340,12,0,NBA,2022
39,xj3Nc7ExHGo,JÃ¼rgen Klopp ile Ã–zel RÃ¶portaj!,2022-04-01,13341,833,61,other,2022
40,B6LmMsWwgDM,"AltÄ±n Oran | Ä°ddaa Tahminleri - SÃ¼per Lig, Premier Lig, Bundesliga, La Liga, Serie A, Ligue 1",2022-04-01,4701,111,3,Serie A,2022
41,7fYNH7Ebo50,Giannis Antetokounmpo Alev Alev! ğŸ”¥ | Miray Ã‡avuÅŸoÄŸlu &amp; Emre GÃ¼rkaynak | NBA GÃ¼nlÃ¼ÄŸÃ¼,2022-04-01,938,24,4,NBA,2022
42,0o1phzB3pho,Zanioloâ€™nun Erman YaÅŸar ve Emre Ã–zcanâ€™Ä± TuzaÄŸa DÃ¼ÅŸÃ¼rdÃ¼ÄŸÃ¼ EÄŸlenceli Anlar!,2022-04-01,81623,2622,150,other,2022
43,DAgDwf07wFU,iddaa.com | Milwaukee Bucks - Brooklyn Nets MaÃ§ Ã–zeti - NBA 2021/22,2022-04-01,1994,38,10,NBA,2022
44,2fMSYs531tk,iddaa.com | Philadelphia 76ers - Detroit Pistons MaÃ§ Ã–zeti - NBA 2021/22,2022-04-01,819,14,1,NBA,2022
45,fedBRejtY0M,iddaa.com | Los Angeles Lakers - Utah Jazz MaÃ§ Ã–zeti - NBA 2021/22,2022-04-01,1105,19,5,NBA,2022
46,svFAo3dpWiU,Pep Guardiola ile Ã–zel RÃ¶portaj!,2022-03-31,29509,1129,102,other,2022
47,ON0oPWSkTAE,Suns Kazanmaya Devam Ediyor! | Miray Ã‡avuÅŸoÄŸlu &amp; Orkun Ã‡olakoÄŸlu | NBA GÃ¼nlÃ¼ÄŸÃ¼,2022-03-31,1668,39,3,NBA,2022
48,0KiIlxn_8iM,iddaa.com | New Orleans Pelicans - Portland Trail Blazers MaÃ§ Ã–zeti - NBA 2021/22,2022-03-31,512,10,1,NBA,2022
49,bqbNh2vO2p8,iddaa.com | Memphis Grizzlies - San Antonio Spurs MaÃ§ Ã–zeti - NBA 2021/22,2022-03-31,693,14,1,NBA,2022
50,EUMg_CVoZxA,iddaa.com | Atlanta Hawks - Oklahoma City Thunder MaÃ§ Ã–zeti - NBA 2021/22,2022-03-31,1695,20,1,NBA,2022
51,fUf0RXywVjo,iddaa.com | Miami Heat - Boston Celtics MaÃ§ Ã–zeti - NBA 2021/22,2022-03-31,614,15,1,NBA,2022
52,gDtOVNYZwcA,iddaa.com | Minnesota Timberwolves - Toronto Raptors MaÃ§ Ã–zeti - NBA 2021/22,2022-03-31,355,10,1,NBA,2022
53,lmrJkoYk6mE,iddaa.com | Orlando Magic - Washington Wizards MaÃ§ Ã–zeti - NBA 2021/22,2022-03-31,270,10,1,NBA,2022
54,rZWE_0OG8L8,iddaa.com | Dallas Mavericks - Cleveland Cavaliers MaÃ§ Ã–zeti - NBA 2021/22,2022-03-31,1626,29,3,NBA,2022
55,eONquYdir_g,iddaa.com | Milwaukee Bucks - Philadelphia 76ers MaÃ§ Ã–zeti - NBA 2021/22,2022-03-30,1038,15,3,NBA,2022
56,aAS3EfWcIws,iddaa.com | LA Lakers - Dallas Mavericks MaÃ§ Ã–zeti - NBA 2021/22,2022-03-30,1564,30,2,NBA,2022
57,y4o9yhyLtlc,Polonya 2-0 Ä°sveÃ§ | MaÃ§ Ã–zeti | 2022 DÃ¼nya KupasÄ± Avrupa Elemeleri,2022-03-29,264827,2562,208,International,2022
58,unusX8xkY-I,Portekiz 2-0 Kuzey Makedonya | MaÃ§ Ã–zeti | 2022 DÃ¼nya KupasÄ± Avrupa Elemeleri,2022-03-29,769641,9632,929,International,2022
59,xWajjXFoHtI,Polonya FarkÄ± 2&#39;ye Ã‡Ä±karttÄ±!,2022-03-29,23777,350,30,other,2022
60,jrGI60ea2Xg,"Bruno Fernandes ile Portekiz, Kuzey Makedonya KarÅŸÄ±sÄ±nda FarkÄ± AÃ§Ä±yor! âœŒï¸ğŸ‘€",2022-03-29,79916,1125,115,other,2022
61,3nlBIrEg74s,"Polonya, Robert Lewandowski ile 1-0 Ã–ne GeÃ§iyor!",2022-03-29,51268,783,65,other,2022
62,35PmXq7QS2c,Cristiano Ronaldo ile Bruno Fernandes Ä°ÅŸbirliÄŸi Devam Ediyor! ğŸ”¥,2022-03-29,250509,4018,381,other,2022
63,QJ_j1A1VXHw,Carlos Sainz ve Sergio Perez&#39;in PerformansÄ± | Son Viraj,2022-03-29,3943,74,3,Formula 1,2022
64,NG_2rDBYnXw,Mercedes PilotlarÄ±nÄ±n PerformansÄ± | Son Viraj,2022-03-29,2095,51,1,Formula 1,2022
65,QFYkaEIO1vM,Fernando Alonso - Esteban Ocon MÃ¼cadelesi | Son Viraj,2022-03-29,1216,32,0,Formula 1,2022
66,P-ZQp_vU1zg,Yeni Kurallarla Beraber DRS&#39;nin Ã–nemi | Son Viraj,2022-03-29,1558,37,1,Formula 1,2022
67,gl6aa4g4wIM,Danimarka 3-0 SÄ±rbistan | MaÃ§ Ã–zeti | HazÄ±rlÄ±k MaÃ§Ä±,2022-03-29,101228,1460,78,other,2022
68,iBylxdc2GNk,Serhan Acar | Formula 1 | Soru&amp;Cevap,2022-03-29,13118,601,18,Formula 1,2022
69,Xqy4s6Poqn4,"Christian Eriksen, Parken Stadyumu&#39;na Golle DÃ¶ndÃ¼!",2022-03-29,50745,1481,72,other,2022
70,P6NILHesOuc,Randy Orton Åov YaptÄ±! ğŸ”¥ | WWE Raw (TÃ¼rkÃ§e AnlatÄ±m),2022-03-29,6468,158,27,WWE,2022
71,1ZAvrwnN5IU,Roman Reigns Kendinden Ã‡ok Emin! ğŸ”¥ | WWE Raw (TÃ¼rkÃ§e AnlatÄ±m),2022-03-29,5780,162,42,WWE,2022
72,mcf6dJUgS7w,NBA | En Ä°yi Oyunlar,2022-03-29,1324,20,1,NBA,2022
73,-qWkQ67LO7U,iddaa.com | Golden State Warriors - Memphis Grizzlies MaÃ§ Ã–zeti - NBA 2021/22,2022-03-29,597,18,1,NBA,2022
74,4nw5Nz55GFE,iddaa.com | Boston Celtics - Toronto Raptors MaÃ§ Ã–zeti - NBA 2021/22,2022-03-29,399,10,0,NBA,2022
75,Uxy5m66Bs9U,"Celtics Zirvede, Lakers Play-In Yapabilecek Mi? | Miray Ã‡avuÅŸoÄŸlu &amp; Emre GÃ¼rkaynak | NBA GÃ¼nlÃ¼ÄŸÃ¼",2022-03-28,1645,37,3,NBA,2022
76,dEm6I0oftW4,Premier Leagueâ€™de AtÄ±lmÄ±ÅŸ OlaÄŸanÃ¼stÃ¼ Goller! ğŸ”¥,2022-03-28,184989,4140,141,Premier League,2022
77,cPEOgOeZIpU,iddaa.com | Phoenix Suns - Philadelphia Sixers MaÃ§ Ã–zeti - NBA 2021/22,2022-03-28,709,14,0,NBA,2022
78,x2tfeRPmtkY,Suudi Arabistan&#39;da Zafer Max Verstappen&#39;in! ğŸ’ª | Formula 1 I 2022 Saudi Arabian GP,2022-03-27,29348,388,100,Formula 1,2022
79,cLLGfTba4zQ,Max Verstappen&#39;in Charles Leclerc&#39;e AtaÄŸÄ± ve GeÃ§iÅŸi! ğŸ”¥ | Formula 1 I 2022 Saudi Arabian GP,2022-03-27,24206,310,55,Formula 1,2022
80,WllfOXH-AHg,Charles Leclerc ile Max Verstappen ArasÄ±ndaki Taktik SavaÅŸÄ±! ğŸ‘€ | Formula 1 I 2022 Saudi Arabian GP,2022-03-27,34440,366,45,Formula 1,2022
81,_1HiFaaoNs4,Fernando Alonso - Esteban Ocon Ã‡ekiÅŸmesi! ğŸ¤¯ | Formula 1 I 2022 Saudi Arabian GP,2022-03-27,10050,110,16,Formula 1,2022
82,M-e_HCjA4mE,Suudi Arabistan&#39;da YarÄ±ÅŸ BÃ¶yle BaÅŸladÄ±! ğŸ | Formula 1 I 2022 Saudi Arabian GP,2022-03-27,17097,216,21,Formula 1,2022
83,cKrfRUldiJA,iddaa.com | Chicago Bulls - Cleveland Cavaliers MaÃ§ Ã–zeti - NBA 2021/22,2022-03-27,873,16,1,NBA,2022
84,d4lpHQAiW78,Hollanda 4-2 Danimarka | MaÃ§ Ã–zeti | HazÄ±rlÄ±k MaÃ§Ä±,2022-03-26,295732,4030,268,other,2022
85,gpriR7zhJ-E,"Christian Eriksen, Danimarka Milli TakÄ±mÄ±na Golle Geri DÃ¶nÃ¼yor! ğŸ”¥",2022-03-26,270086,5300,175,other,2022
86,sNl8rwQlkpY,Ä°ngiltere 2-1 Ä°sviÃ§re | MaÃ§ Ã–zeti | HazÄ±rlÄ±k MaÃ§Ä±,2022-03-26,260413,3094,247,other,2022
87,33bzr1OMF-M,Harry Kane PenaltÄ±dan Ä°ngiltere&#39;yi 2-1 Ã–ne GeÃ§iriyor!,2022-03-26,32449,610,74,other,2022
88,q0g_HA1j99Y,Luke Shaw Ã‡ok Sert Vurdu Ve Ä°ngiltere BeraberliÄŸi YakaladÄ±! ğŸš€,2022-03-26,94667,1505,68,other,2022
89,tZ-tcTA3org,Embolo AttÄ±!,2022-03-26,37667,612,37,other,2022
90,MIwYeUEtj2Y,#WrestleMania&#39;dan Ã–nce Gerilim Giderek ArtÄ±yor! ğŸ‘€,2022-03-26,8178,238,87,other,2022
91,sg1Ts8lrFuk,iddaa.com | Golden State Warriors - Atlanta Hawks MaÃ§ Ã–zeti - NBA 2021/22,2022-03-26,857,23,0,NBA,2022
92,_sDAVwO6ZYs,iddaa.com | Houston Rockets - Portland Trail Blazers MaÃ§ Ã–zeti - NBA 2021/22,2022-03-26,1885,35,5,NBA,2022
93,gmJN2anwyI8,Fransa 2-1 FildiÅŸi Sahilleri | MaÃ§ Ã–zeti | HazÄ±rlÄ±k MaÃ§Ä±,2022-03-25,342906,4162,328,other,2022
94,_1MtCIqcrbY,AurÃ©lien TchouamÃ©ni&#39;nin Fransa&#39;ya Galibiyeti Getiren GolÃ¼! ğŸ’¥,2022-03-25,45457,615,67,other,2022
95,LNxEFIpj4ec,"Olivier Giroud, Kale Ã–nÃ¼nde Pozisyonu TamamlÄ±yor! ğŸ‘Š",2022-03-25,57167,717,70,other,2022
96,GhiOtLWVj1c,"Nicolas Pepe, Dar AÃ§Ä±dan GolÃ¼ Buldu! ğŸ‘Œ",2022-03-25,61745,861,89,other,2022
97,NH6DxMTuToA,Romanya 0-1 Yunanistan | MaÃ§ Ã–zeti | HazÄ±rlÄ±k MaÃ§Ä±,2022-03-25,36780,497,78,other,2022
98,WvQHWMbdnIs,Andreas Buhalakis&#39;ten ÅÄ±k Kafa GolÃ¼! ğŸ‘€,2022-03-25,15112,214,20,other,2022
99,QR9QGGTF9ck,Bulls&#39;un DÃ¼ÅŸÃ¼ÅŸÃ¼ Devam Ediyor! | Miray Ã‡avuÅŸoÄŸlu &amp; Ali KonaviÃ§ | NBA GÃ¼nlÃ¼ÄŸÃ¼,2022-03-25,1397,32,2,NBA,2022
100,4izl1ANu6Ss,Ä°sveÃ§ 1-0 Ã‡ekya | MaÃ§ Ã–zeti | 2022 DÃ¼nya KupasÄ± Avrupa Elemeleri,2022-03-25,69743,772,50,International,2022
101,MoTL7AdYoBc,Ä°sveÃ§ 110. Dakikada GolÃ¼ Buldu!,2022-03-24,118883,1219,131,other,2022
102,5FOqLX7lhoU,Ä°talya 0-1 Kuzey Makedonya | MaÃ§ Ã–zeti | 2022 DÃ¼nya KupasÄ± Avrupa Elemeleri,2022-03-24,925084,10201,1648,International,2022
103,P2qgr6s3_y4,Ä°ÅŸte Kuzey Makedonya&#39;nÄ±n Zafer GolÃ¼! ğŸ”¥,2022-03-24,631434,8050,860,other,2022
104,tvQ27FTCwA4,Miami Heat&#39;te Kavga! | Miray Ã‡avuÅŸoÄŸlu &amp; Ä°nan Ã–zdemir | NBA GÃ¼nlÃ¼ÄŸÃ¼,2022-03-24,5069,86,6,NBA,2022
105,uNSn20BgN58,Edge Gelince OrtalÄ±k Fena KarÄ±ÅŸtÄ±! ğŸ”¥ | WWE Raw (TÃ¼rkÃ§e AnlatÄ±m),2022-03-22,13813,242,67,WWE,2022
106,Nr5JDYVG7bU,NBA | En Ä°yi Oyunlar,2022-03-22,4375,58,8,NBA,2022
107,yYpBtTbVqms,Max Verstappen YarÄ±ÅŸ DÄ±ÅŸÄ± KaldÄ±! | Formula 1 I 2022 Bahrain GP,2022-03-21,58909,510,96,Formula 1,2022
108,37bfWuKCeK4,Red Bull Ä°Ã§in YarÄ±ÅŸ Kabusa DÃ¶ndÃ¼! | Formula 1 I 2022 Bahrain GP,2022-03-21,28367,308,44,Formula 1,2022
109,xa1ooam0uOQ,YarÄ±ÅŸÄ±n Yeniden BaÅŸladÄ±ÄŸÄ± MuhteÅŸem Anlar! | Formula 1 I 2022 Bahrain GP,2022-03-21,43376,334,23,Formula 1,2022
110,Ng7RJOkPvdM,Verstappen-Leclerc MÃ¼cadelesi Nefes Kesti! | Formula 1 I 2022 Bahrain GP,2022-03-21,85222,1141,132,Formula 1,2022
111,Mm5WmP-iI0w,2022 Sezonunun Ä°lk StartÄ±! | Formula 1 I 2022 Bahrain GP,2022-03-21,37326,384,25,Formula 1,2022
112,ONeZwVZudBM,Premier League&#39;de 30. HaftanÄ±n En GÃ¼zel Golleri (2021/22),2022-03-21,10608,195,14,Premier League,2022
113,3wPc6qK4eOQ,iddaa.com | Bologna - Atalanta (0-1) - MaÃ§ Ã–zeti - Serie A 2021/22,2022-03-20,28246,465,35,Serie A,2022
114,lxolT1I3MuI,"Moustapha Elhadji CissÃ© ile Atalanta, Bologna KarÅŸÄ±sÄ±nda Son Dakikalarda Ã–ne GeÃ§ti! ğŸ’¥",2022-03-20,7156,108,33,other,2022
115,0HgYpHmibEo,iddaa.com | Roma - Lazio (3-0) - MaÃ§ Ã–zeti - Serie A 2021/22,2022-03-20,152249,2427,139,Serie A,2022
116,qB-YPSROFhI,iddaa.com | Juventus - Salernitana (2-0) - MaÃ§ Ã–zeti - Serie A 2021/22,2022-03-20,62199,1170,96,Serie A,2022
117,g8GbbXIAUek,iddaa.com | Genoa - Torino (1-0) - MaÃ§ Ã–zeti - Serie A 2021/22,2022-03-20,3151,88,5,Serie A,2022
118,vF9uAQQgMe4,iddaa.com | Empoli - Hellas Verona (1-1) - MaÃ§ Ã–zeti - Serie A 2021/22,2022-03-20,3150,103,8,Serie A,2022
119,s0AH8nC-xzM,iddaa.com | Tottenham - West Ham (3-1) - MaÃ§ Ã–zeti - Premier League 2021/22,2022-03-20,476903,7470,355,Premier League,2022
120,_x5mHkGS8II,Heung-min Son Durmak Bilmiyor! ğŸš¨,2022-03-20,24783,508,53,other,2022
121,YU-MUXWRlYU,Pellegrini&#39;den MÃ¼kemmel Gol! #SerieA,2022-03-20,46662,1669,69,Serie A,2022
122,ehN0ORkQjec,"SaÃ¯d Benrahma, Kornerde Kendini Unutturdu! ğŸ‘€",2022-03-20,6808,137,12,other,2022
123,Q1hh9qi6FNU,Heung-min Son Ä°ÅŸbaÅŸÄ±nda! ğŸ˜¤,2022-03-20,12418,311,29,other,2022
124,ysm6_N-c6v0,Kane - Son Ä°kilisi Her Zamanki Gibi BaÅŸrolde! ğŸ’ª,2022-03-20,34669,602,78,other,2022
125,IYUKMDst_Ao,iddaa.com | Leicester City - Brentford (2-1) - MaÃ§ Ã–zeti - Premier League 2021/22,2022-03-20,139638,2149,76,Premier League,2022
126,3_CSP7oCgl0,"Yoane Wissa ile Brentford, Leicester KarÅŸÄ±sÄ±nda FarkÄ± 1&#39;e Ä°ndirdi! ğŸ‘Œ",2022-03-20,4615,155,11,other,2022
127,54MTQogCYCQ,James Maddison&#39;dan Åahane Frikik GolÃ¼! ğŸ”¥,2022-03-20,24055,694,65,other,2022
128,4_TvPZMungA,Timothy Castagne&#39;den Harika Gol! ğŸ˜,2022-03-20,11906,422,20,other,2022
129,Ro6v3Hd9NKE,iddaa.com | Venezia - Sampdoria (0-2) - MaÃ§ Ã–zeti - Serie A 2021/22,2022-03-20,3228,103,6,Serie A,2022
130,jYaBf0yLERw,iddaa.com | Cagliari - AC Milan (0-1) - MaÃ§ Ã–zeti - Serie A 2021/22,2022-03-19,54790,988,108,Serie A,2022
131,rpIRGbQnu_4,Ne YaptÄ±n Bennacer? ğŸ˜± Harika Gol Harika! #SerieA,2022-03-19,178440,3162,97,Serie A,2022
132,4XlcFL2lkjg,iddaa.com | Inter - Fiorentina (1-1) - MaÃ§ Ã–zeti - Serie A 2021/22,2022-03-19,89767,1101,117,Serie A,2022
133,3X7dnHTa9Mg,Denzel Dumfries&#39;den Ã‡ok GÃ¼zel Bir Kafa GolÃ¼! #SerieA,2022-03-19,26970,471,37,Serie A,2022
134,Rhu99Hd69pQ,Lucas Torreira&#39;nÄ±n Fiorentina&#39;yÄ± 1-0 Ã–ne GeÃ§iren GolÃ¼ Sizlerle! #SerieA,2022-03-19,8261,180,17,Serie A,2022
135,I75wR4CFPkk,iddaa.com | Napoli - Udinese (2-1) - MaÃ§ Ã–zeti - Serie A 2021/22,2022-03-19,67467,1022,77,Serie A,2022
136,lCyd6UmceNE,"Napoli, Victor Osimhen Ä°le Geri DÃ¶nÃ¼ÅŸe Ä°mza AtÄ±yor! #SerieA",2022-03-19,7280,153,15,Serie A,2022
137,dz9o3BNcUhA,Victor Osimhenâ€™den Gelen GÃ¼zel Golle Skor 1-1 Oluyor! #SerieA,2022-03-19,8054,129,9,Serie A,2022
138,i8gjl52kwLk,Gerard Deulofeu Ã‡ok GÃ¼zel Bitirdi! ğŸ”¥ #SerieA,2022-03-19,10325,178,22,Serie A,2022
139,Yi7IA1M-Whw,iddaa.com | Aston Villa - Arsenal (0-1) - MaÃ§ Ã–zeti - Premier League 2021/22,2022-03-19,118338,2072,121,Premier League,2022
140,TK2ixHql4Bo,Brock Lesnar Ä°ÅŸ Makinesi ile SaldÄ±rdÄ±! | WWE SmackDown,2022-03-19,7530,202,28,WWE,2022
141,YfTjAiVTNfk,Saka AtÄ±yor Ve Arsenal 1-0 Ã–ne GeÃ§iyor! ğŸ”¥ #PremierLeague,2022-03-19,41042,796,71,Premier League,2022
142,5KornrCeg90,iddaa.com | LA Lakers - Toronto Raptors MaÃ§ Ã–zeti - NBA 2021/22,2022-03-19,2685,42,10,NBA,2022
143,lagKVTMCg88,iddaa.com | Wolves - Leeds United (2-3) - MaÃ§ Ã–zeti - Premier League 2021/22,2022-03-18,349243,7121,530,Premier League,2022
144,lL1G5JHGjdA,Leeds United&#39;dan MUHTEÅEM GERÄ° DÃ–NÃœÅ! ğŸ”¥ #PremierLeague,2022-03-18,20543,349,67,Premier League,2022
145,jiPKd4mUbLs,"Leeds United, Premier League Tarihinin En Ä°lginÃ§ Gollerinden Birine BÃ¶yle Ä°mza AttÄ±! ğŸš€",2022-03-18,498482,6228,282,Premier League,2022
146,7be2Uw-iIKU,Jack Harrison MÃ¼thiÅŸ KarambolÃ¼ Golle Bitiriyor! ğŸ˜± #PremierLeague,2022-03-18,12062,269,15,Premier League,2022
147,IdfaOD2uDg8,Francisco TrincÃ£o KÃ¶ÅŸeye Harika BÄ±raktÄ±! #PremierLeague,2022-03-18,8989,200,12,Premier League,2022
148,yKYbazYLvVg,Jonathan Castro Otto&#39;nun GolÃ¼ ile Wolves 1-0 Ã–ne GeÃ§ti! #PremierLeague,2022-03-18,4824,121,7,Premier League,2022
149,kzupxuwv5Yw,iddaa.com | Sassuolo - Spezia (4-1) - MaÃ§ Ã–zeti - Serie A 2021/22,2022-03-18,29223,529,50,Serie A,2022
150,95_zFJvVYc4,Scamacca Ã‡ok ÅÄ±k Vurdu! #SerieA,2022-03-18,4082,99,18,Serie A,2022
151,tISM5a0bKzY,Kaan Ayhan&#39;Ä±n GolÃ¼! #SerieA,2022-03-18,25972,656,42,Serie A,2022
152,aaWOgGan6vg,Spezia BeraberliÄŸi YakaladÄ±! #SerieA,2022-03-18,2083,54,5,Serie A,2022
153,ZkKDR6H06e8,"Sassuolo, Berardi ile 1-0 Ã–ne GeÃ§ti! #SerieA",2022-03-18,3466,111,5,Serie A,2022
154,TqaOHe8BjyU,"AltÄ±n Oran | Ä°ddaa Tahminleri - SÃ¼per Lig, Premier Lig, Bundesliga, La Liga, Serie A, Ligue 1",2022-03-18,8073,169,11,Serie A,2022
155,EbxF0mjjGsE,iddaa.com | Everton - Newcastle United (1-0) - MaÃ§ Ã–zeti - Premier League 2021/22,2022-03-17,95437,1743,106,Premier League,2022
156,Ox5zkSAjAnQ,Everton Son Dakikada Galibiyet GolÃ¼nÃ¼ Buluyor! #PremierLeague,2022-03-17,56197,969,61,Premier League,2022
157,mfurAAApQik,Everton - Newcastle MaÃ§Ä±nda Bir Taraftar Kendisini Plastik KelepÃ§e ile Kale DireÄŸine BaÄŸladÄ±!,2022-03-17,498120,7150,934,other,2022
158,ZCr-zW6IjVE,iddaa.com | Arsenal - Liverpool (0-2) - MaÃ§ Ã–zeti - Premier League 2021/22,2022-03-16,691444,10996,490,Premier League,2022
159,Sl2dHkmd_uI,iddaa.com | Brighton - Tottenham (0-2) - MaÃ§ Ã–zeti - Premier League 2021/22,2022-03-16,169035,3113,115,Premier League,2022
160,cJaixPUx8Eo,"Arsenal DaÄŸÄ±lmÄ±ÅŸ Durumda! Roberto Firmino ile Liverpool, FarkÄ± 2&#39;ye Ã‡Ä±karttÄ±! ğŸ”¥",2022-03-16,21607,348,56,other,2022
161,0WLxu0tT6_c,Thiago&#39;nun Nefis PasÄ± ve Diogo Jota&#39;nÄ±n ÅÄ±k GolÃ¼! ğŸ’¥,2022-03-16,22525,411,62,other,2022
162,ClABzy01KDE,Thiago Alcantara&#39;nÄ±n BÃ¼yÃ¼k HatasÄ±nÄ± Martin Ã˜degaard Golle SonuÃ§landÄ±ramadÄ±! ğŸ¤¯,2022-03-16,82038,835,81,other,2022
163,8_ly0AckIqI,Harry Kane AttÄ±ÄŸÄ± Golle Birlikte Premier Lig Tarihinin En Ã‡ok Deplasman GolÃ¼ Atan Oyuncusu Oldu! ğŸ‘,2022-03-16,50718,843,62,other,2022
164,wxBmj9OMRmk,Romero&#39;dan Gelen Golle Tottenham 1-0 Ã–ne GeÃ§ti! #PremierLeague,2022-03-16,17906,237,21,Premier League,2022
165,LfkiQXUgJ7o,Subway TÃ¼rkiye ile HaftanÄ±n Oyuncusu: Cristiano Ronaldo,2022-03-15,24577,1124,99,other,2022
166,GgAOyKMtffY,Premier League&#39;de 29. HaftanÄ±n En GÃ¼zel Golleri (2021/22),2022-03-15,47221,993,48,Premier League,2022
167,olf9DzzgCg0,Premier League&#39;de 29. HaftanÄ±n En GÃ¼zel KurtarÄ±ÅŸlarÄ± (2021/22),2022-03-15,5239,130,11,Premier League,2022
168,fH4kRUxhWms,MuhteÅŸem Bir MaÃ§ Oldu! ğŸ”¥ | WWE Raw (TÃ¼rkÃ§e AnlatÄ±m),2022-03-15,5091,114,15,WWE,2022
169,7kymL8dZ8bQ,iddaa.com | Crystal Palace - Manchester City (0-0) - MaÃ§ Ã–zeti - Premier League 2021/22,2022-03-14,228911,3870,508,Premier League,2022
170,-2GhaF42W0s,Kevin De Bruyne Ã‡Ä±ldÄ±rÄ±yor! ğŸ¤ğŸ˜¬,2022-03-14,488019,6285,376,other,2022
171,chhIztKwAjA,Bernardo Silva&#39;nÄ±n KaÃ§Ä±rdÄ±ÄŸÄ± Net Pozisyon! City Ä°Ã§in Ã‡anlar Ã‡alÄ±yor Mu? ğŸ¤”,2022-03-14,153503,1731,128,other,2022
172,5R1GI9eTGuk,Manchester City&#39;e Direkler GeÃ§it Vermiyor! ğŸ¤¯,2022-03-14,63671,827,79,other,2022
173,TO6M4QBxp6o,Riyad Mahrez ile Manchester City Gole YaklaÅŸtÄ±! ğŸ‘€,2022-03-14,25047,308,33,other,2022
174,ZK8h-E_nQjk,"Cancelo&#39;nun Åutu Direkten DÃ¶ndÃ¼, Laporte Uygun Pozisyonu HarcadÄ±! ğŸ˜±",2022-03-14,24395,456,42,other,2022
175,wEooQr6e-yE,iddaa.com | Atalanta - Genoa (0-0) - MaÃ§ Ã–zeti - Serie A 2021/22,2022-03-14,4457,97,11,Serie A,2022
176,TSpuYC7BiOM,iddaa.com | Salernitana - Sassuolo (2-2) - MaÃ§ Ã–zeti - Serie A 2021/22,2022-03-14,8300,198,9,Serie A,2022
177,k0F0jgOBD4w,iddaa.com | Torino - Inter (1-1) - MaÃ§ Ã–zeti - Serie A 2021/22,2022-03-14,58333,848,78,Serie A,2022
178,RTm3Cor8TAQ,iddaa.com | LA Lakers - Phoenix Suns MaÃ§ Ã–zeti - NBA 2021/22,2022-03-14,2107,26,5,NBA,2022
179,6WzgpspKk04,iddaa.com | Southampton - Watford (1-2) - MaÃ§ Ã–zeti - Premier League 2021/22,2022-03-13,31263,624,49,Premier League,2022
180,lTyZ_zWvVYs,iddaa.com | Everton - Wolverhampton (0-1) - MaÃ§ Ã–zeti - Premier League 2021/22,2022-03-13,37362,708,61,Premier League,2022
181,bX-iVRCT69Y,iddaa.com | Arsenal - Leicester City (2-0) - MaÃ§ Ã–zeti - Premier League 2021/22,2022-03-13,349773,5387,338,Premier League,2022
182,uihggm95gjI,iddaa.com | West Ham - Aston Villa (2-1) - MaÃ§ Ã–zeti - Premier League 2021/22,2022-03-13,100550,1731,49,Premier League,2022
183,lNOw-Zrd4rY,iddaa.com | Leeds United - Norwich (2-1) - MaÃ§ Ã–zeti - Premier League 2021/22,2022-03-13,82959,1531,95,Premier League,2022
184,11ciFmhFzPo,"Ã‡aÄŸlar SÃ¶yÃ¼ncÃ¼&#39;nÃ¼n Elle OynamasÄ±yla PenaltÄ± Kazanan Arsenal, FarkÄ± 2&#39;ye Ã‡Ä±karÄ±yor! #PremierLeague",2022-03-13,18217,330,34,Premier League,2022
185,u4heHZuXLLw,"Nahuel Molina, Ceza SahasÄ±nÄ±n DÄ±ÅŸÄ±ndan Ã‡ok GÃ¼zel Bir Gole Ä°mza AttÄ±! ğŸ¤¤",2022-03-13,8741,229,11,other,2022
186,F_dl-fNnrqg,"Arsenal, Partey&#39;in Kafa VuruÅŸuyla 1-0 Ã–ne GeÃ§ti! #PremierLeague",2022-03-13,14885,354,65,Premier League,2022
187,pCfId5lK-Tc,iddaa.com | Verona - Napoli (1-2) - MaÃ§ Ã–zeti - Serie A 2021/22,2022-03-13,36371,570,47,Serie A,2022
188,46iMKLv_NQU,iddaa.com | Chelsea - Newcastle United (1-0) - MaÃ§ Ã–zeti - Premier League 2021/22,2022-03-13,220263,3984,223,Premier League,2022
189,nbqB-b6RwHk,Jorginho&#39;nun Harika PasÄ± ve Kai Havertz&#39;in SÄ±ra DÄ±ÅŸÄ± Top KontrolÃ¼ ile Gelen Gol! ğŸ˜,2022-03-13,63559,1829,104,other,2022
190,2wcE4W1ynKw,Osimhen&#39;in 2.GolÃ¼! #SerieA,2022-03-13,5582,177,16,Serie A,2022
191,6UpqbDnSxNM,Osimhen&#39;in GolÃ¼! #SerieA,2022-03-13,6610,179,15,Serie A,2022
192,UdhI2t3jNoE,iddaa.com | Fiorentina - Bologna (1-0) - MaÃ§ Ã–zeti - Serie A 2021/22,2022-03-13,7533,193,14,Serie A,2022
193,OvP64ZgGnvg,"Fiorentina, Torreira ile 1-0 Ã–ne GeÃ§iyor! #SerieA",2022-03-13,4262,129,20,Serie A,2022
194,t0VcIAlK178,iddaa.com | AC Milan - Empoli (1-0) - MaÃ§ Ã–zeti - Serie A 2021/22,2022-03-12,39911,705,97,Serie A,2022
195,1zloq8_419I,Milan GolÃ¼ Buldu! #SerieA,2022-03-12,16105,329,34,Serie A,2022
196,eCrh4reallE,"Cristiano Ronaldo, Kariyerinde 807 Gol Atarak TÃ¼m ZamanlarÄ±n En Ã‡ok Gol Atan YÄ±ldÄ±zÄ± Oldu! ğŸ”¥",2022-03-12,96296,3144,365,other,2022
197,FCzIpungfWk,iddaa.com | Sampdoria - Juventus (1-3) - MaÃ§ Ã–zeti - Serie A 2021/22,2022-03-12,140798,2000,146,Serie A,2022
198,IsN6I5xDDMc,iddaa.com | Manchester United - Tottenham (3-2) - MaÃ§ Ã–zeti - Premier League 2021/22,2022-03-12,2218267,59181,4557,Premier League,2022
199,-PNonhZ3-rQ,Cristiano Ronaldo&#39;nun Son GolÃ¼nÃ¼ Ve Sevincini Tekrar HatÄ±rlÄ±yoruz! #PremierLeague,2022-03-12,62549,2146,257,Premier League,2022
200,-hm3BTIBOVs,Cristiano Ronaldo&#39;dan ÃœÃ§Ã¼ncÃ¼ Gol! #PremierLeague,2022-03-12,126580,4395,646,Premier League,2022
201,JBdz2ddvzQs,Harry Maguire Topu Kendi AÄŸlarÄ±na GÃ¶nderdi! ğŸ˜± #PremierLeague,2022-03-12,55774,894,289,Premier League,2022
202,5MgEfduV3eo,Morata ile Skor 3-1 oluyor! #SerieA,2022-03-12,8356,206,15,Serie A,2022
203,Jz-6ZVaUIGk,Sampdoria&#39;nÄ±n GolÃ¼ #SerieA,2022-03-12,3021,77,5,Serie A,2022
204,rSeggG7fQEU,Cristiano Ronaldo&#39;dan Ä°kinci Gol! ğŸ”¥ #PremierLeague,2022-03-12,123600,3258,378,Premier League,2022
205,Ym5fclINnRQ,Harry Kane PenaltÄ±dan Skoru EÅŸitliyor! #PremierLeague,2022-03-12,39797,885,32,Premier League,2022
206,qEj6t-7-b54,Juventus FarkÄ± 2&#39;ye Ã‡Ä±kardÄ±! #SerieA,2022-03-12,7815,179,15,Serie A,2022
207,wzHAJ6TlwFg,CRISTIANO RONALDO! ğŸš€ Manchester United 1-0 Ã–ne GeÃ§ti! #PremierLeague,2022-03-12,288376,12411,961,Premier League,2022
208,tyKu6iT8Cn8,Juventus 1-0 Ã–ne GeÃ§ti! #SerieA,2022-03-12,8056,173,9,Serie A,2022
209,fwFfjhUY2XY,iddaa.com | Brentford - Burnley (2-0) - MaÃ§ Ã–zeti - Premier League 2021/22,2022-03-12,55614,923,61,Premier League,2022
210,3EOyyIFjP6k,Ivan Toney ile Skor 2-0 Oluyor! #PremierLeague,2022-03-12,6938,137,14,Premier League,2022
211,SB718VYuZQo,"Christian Eriksen&#39;den harika asist, Toney&#39;den gol! #PremierLeague",2022-03-12,149649,2550,89,Premier League,2022
212,KQ0bqSME2rw,iddaa.com | Brighton - Liverpool (0-2) - MaÃ§ Ã–zeti - Premier League 2021/22,2022-03-12,569242,8103,474,Premier League,2022
213,1aJqmod0m6w,"Mohamed Salah, Liverpool&#39;un #PremierLeague&#39;deki 2000.golÃ¼nÃ¼ atÄ±yor!",2022-03-12,109095,2694,259,Premier League,2022
214,3F9HOjJPTzk,Chelsea&#39;yi YaptÄ±rÄ±mlar SonrasÄ± Neler Bekliyor? | Premier Show,2022-03-12,25289,492,101,other,2022
215,fFbMwO68eYQ,"Liverpool, Luis Diaz ile 1-0 Ã–ne GeÃ§ti! #PremierLeague",2022-03-12,70765,1425,171,Premier League,2022
216,Gx6_ayJT6AI,"AltÄ±n Oran | Ä°ddaa Tahminleri - SÃ¼per Lig, Premier Lig, Bundesliga, La Liga, Serie A, Ligue 1",2022-03-11,9121,171,5,Serie A,2022
217,ZWSGNK1gSuo,iddaa.com | Wolves - Watford (4-0) - MaÃ§ Ã–zeti - Premier League 2021/22,2022-03-11,68766,1420,122,Premier League,2022
218,DN88y6FipFU,iddaa.com | Southampton - Newcastle United (1-2) - MaÃ§ Ã–zeti - Premier League 2021/22,2022-03-11,62093,1064,89,Premier League,2022
219,vYDghou2gm0,iddaa.com | Leeds United - Aston Villa (0-3) - MaÃ§ Ã–zeti - Premier League 2021/22,2022-03-11,143979,2878,131,Premier League,2022
220,Ke-oJWynrfk,iddaa.com | Norwich - Chelsea (1-3) - MaÃ§ Ã–zeti - Premier League 2021/22,2022-03-10,313554,5107,173,Premier League,2022
221,uOmjJSpJwtY,Havertz ile Chelsea 3-1 Ã–nde! #PremierLeague,2022-03-10,11439,222,16,Premier League,2022
222,dW6OO1lRjpo,Calum Chambers&#39;dan Harika Gol! ğŸ˜±,2022-03-10,9091,242,9,other,2022
223,_CUFoAqh8K8,"Matty Cash ile Aston Villa, Leeds KarÅŸÄ±sÄ±nda FarkÄ± 2&#39;ye Ã‡Ä±karttÄ±! âœŒï¸",2022-03-10,4779,101,4,other,2022
224,IVyHWIzJdUU,Norwich FarkÄ± Bire Ä°ndirdi! #PremierLeague,2022-03-10,5625,86,14,Premier League,2022
225,q0z9G8tKWkU,"Philippe Coutinho ile Aston Villa, Leeds United KarÅŸÄ±sÄ±nda Ã–ne GeÃ§ti! ğŸ‘Œ",2022-03-10,26076,495,44,other,2022
226,yC4Gx4jxe2k,Chelsea&#39;den 2.Gol! #PremierLeague,2022-03-10,18437,321,27,Premier League,2022
227,wGt_l68NZd8,Chelsea GolÃ¼ Erken Buldu! #PremierLeague,2022-03-10,22473,382,22,Premier League,2022
228,PKTqTQyA-WE,Premier League&#39;de 28. HaftanÄ±n En GÃ¼zel KurtarÄ±ÅŸlarÄ± (2021/22),2022-03-08,4300,100,9,Premier League,2022
229,wOVRrNTwf5A,Premier League&#39;de 28. HaftanÄ±n En GÃ¼zel Golleri (2021/22),2022-03-08,15361,262,26,Premier League,2022
230,3sCqleCBUEU,iddaa.com | Tottenham - Everton (5-0) - MaÃ§ Ã–zeti - Premier League 2021/22,2022-03-07,651955,11800,467,Premier League,2022
231,8t7OAt8qCVg,GeliÅŸine Harry Kaneeeee! #PremierLeague,2022-03-07,49561,1056,109,Premier League,2022
232,rEJ07k-jXpI,Sergio ReguilÃ³n&#39;dan Gelen Golle Fark DÃ¶rde Ã‡Ä±ktÄ±! #PremierLeague,2022-03-07,12435,214,13,Premier League,2022
233,q2TwMZIJqt4,O Bu Anlar Ä°Ã§in YaÅŸÄ±yor! HARRY KANE! ğŸ”¥ğŸ”¥ğŸ”¥ #PremierLeague,2022-03-07,43253,768,66,Premier League,2022
234,kxEvNEMG8KA,Son&#39;un AttÄ±ÄŸÄ± Golle Skor 2-0 Oluyor! ğŸ”¥ #PremierLeague,2022-03-07,17114,300,25,Premier League,2022
235,-IJ43VAVPeg,Michael Keane&#39;nin Kendi Kalesine AttÄ±ÄŸÄ± Gol Sonucunda Tottenham 1-0 Ã–ne GeÃ§ti! #PremierLeague,2022-03-07,27315,425,48,Premier League,2022
236,zhySTfsx7Vo,iddaa.com | Fiorentina - Verona (1-1) - MaÃ§ Ã–zeti - Serie A 2021/22,2022-03-07,8093,169,20,Serie A,2022
237,IvHQJEGNY0M,"Milan, Giroud ile GolÃ¼ Buldu! #SerieA",2022-03-06,41280,680,46,Serie A,2022
238,AkVf9CazXK8,iddaa.com | Juventus - Spezia (1-0) - MaÃ§ Ã–zeti - Serie A 2021/22,2022-03-06,39579,767,81,Serie A,2022
239,jK-pJZPdwhc,iddaa.com | Manchester City - Manchester United (4-1) - MaÃ§ Ã–zeti - Premier League 2021/22,2022-03-06,1478992,29201,1798,Premier League,2022
240,e0rQsFt-WsQ,Riyad Mahrez&#39;in MaÃ§Ä±n Skorunu Belirleyen GolÃ¼ Sizlerle! #PremierLeague,2022-03-06,29053,607,151,Premier League,2022
241,G0cXWZ71oyA,Mahrez&#39;den MUHTEÅEM Gol! ğŸ˜± #PremierLeague,2022-03-06,79073,1811,112,Premier League,2022
242,cLfNyvDJPmQ,"Juventus, Alvaro Morata ile 1-0 Ã–ne GeÃ§iyor! #SerieA",2022-03-06,15218,350,37,Serie A,2022
243,bCY2UcVfTQ0,Kevin De Bruyne&#39;den cevap gecikmedi! ğŸ”¥ #PremierLeague,2022-03-06,69974,1510,166,Premier League,2022
244,GrGgxq7rxSg,Jadon Sancho&#39;dan Skoru EÅŸitleyen Harika Gol! ğŸ˜¤ #PremierLeague,2022-03-06,97848,2559,88,Premier League,2022
245,GUPQoU51wBQ,iddaa.com | Venezia - Sassuolo (1-4) - MaÃ§ Ã–zeti - Serie A 2021/22,2022-03-06,16316,289,25,Serie A,2022
246,mRAV42BnMDc,Kevin De Bruyne AÃ§Ä±lÄ±ÅŸÄ± BÃ¶yle YaptÄ±! #PremierLeague,2022-03-06,83404,1703,113,Premier League,2022
247,7y8Ofa5z5IQ,iddaa.com | Watford - Arsenal (2-3) - MaÃ§ Ã–zeti - Premier League 2021/22,2022-03-06,447458,6935,270,Premier League,2022
248,OSRKKMRTvwI,Moussa Sissoko Ä°le Watford Yeniden UmutlanÄ±yor! #PremierLeague,2022-03-06,7131,199,16,Premier League,2022
249,TQusKj7RZUo,Gabriel Martinelli&#39;den Harika Bir Gol VuruÅŸu! #PremierLeague,2022-03-06,22477,724,60,Premier League,2022
250,9r-pHy3Daj0,"Arsenal, Odegaard ile 1-0 Ã–ne GeÃ§iyor! #PremierLeague",2022-03-06,23763,564,50,Premier League,2022
251,lVB5sAACqFI,iddaa.com | Golden State Warriors - Los Angeles Lakers MaÃ§ Ã–zeti - NBA 2021/22,2022-03-06,4217,76,9,NBA,2022
252,wbSI5KeH_MM,iddaa.com | Cagliari - Lazio (0-3) - MaÃ§ Ã–zeti - Serie A 2021/22,2022-03-05,36690,634,33,Serie A,2022
253,MNxZfZjCPg0,Lazio&#39;dan 3.Gol! #SerieA,2022-03-05,3400,93,10,Serie A,2022
254,g-UAsCxt_Vo,iddaa.com | Wolves - Crystal Palace (0-2) - MaÃ§ Ã–zeti - Premier League 2021/22,2022-03-05,51728,950,54,Premier League,2022
255,0X9v0-eIDGE,iddaa.com | Norwich - Brentford (1-3) - MaÃ§ Ã–zeti - Premier League 2021/22,2022-03-05,64463,1068,77,Premier League,2022
256,5yCJuNXn8N0,iddaa.com | Newcastle United - Brighton (2-1) - MaÃ§ Ã–zeti - Premier League 2021/22,2022-03-05,69207,1233,53,Premier League,2022
257,4KBBq4VnDAw,iddaa.com | Roma - Atalanta (1-0) - MaÃ§ Ã–zeti - Serie A 2021/22,2022-03-05,68698,1044,91,Serie A,2022
258,7l3biqQE0Vs,iddaa.com | Liverpool - West Ham (1-0) - MaÃ§ Ã–zeti - Premier League 2021/22,2022-03-05,399673,6512,445,Premier League,2022
259,9Sp3JfD7Q-8,Mark Noble&#39;un Harika PasÄ±nÄ± Michail Antonio Golle SonuÃ§landÄ±ramadÄ±! ğŸ¤·â€â™‚ï¸,2022-03-05,7731,132,17,other,2022
260,8Ij89etx9s8,Manuel Lanzini Net FÄ±rsatÄ± KaÃ§Ä±rdÄ±! ğŸ˜±,2022-03-05,6495,144,23,other,2022
261,XNwep2zRriY,Luis Diaz&#39;Ä±n Gole YaklaÅŸtÄ±ÄŸÄ± An! ğŸ‘€,2022-03-05,5512,130,24,other,2022
262,S4jxG_epEtY,Trent Alexander-Arnold Her Yerde! Ã‡izgiden Ã‡Ä±karttÄ±! ğŸ¤¯,2022-03-05,160139,3307,246,other,2022
263,ZWD9Z6CiwNI,iddaa.com | Aston Villa - Southampton (4-0) - MaÃ§ Ã–zeti - Premier League 2021/22,2022-03-05,197017,3785,136,Premier League,2022
264,ZpqEmWBtGks,"Sadio Mane ile Liverpool, West Ham KarÅŸÄ±sÄ±nda Ã–ne GeÃ§ti! â˜ï¸",2022-03-05,22059,525,36,other,2022
265,iK3BSoeBjts,Mohamed Salah&#39;a Lukasz Fabianski GeÃ§it Vermedi! ğŸ–ï¸ğŸš«,2022-03-05,14076,243,12,other,2022
266,FN1gX9e70oA,"Roma, Tammy Abraham ile 1-0 Ã–ne GeÃ§iyor! #SerieA",2022-03-05,6381,154,18,Serie A,2022
267,9aUZAC_AT1c,iddaa.com | Burnley - Chelsea (0-4) - MaÃ§ Ã–zeti - Premier League 2021/22,2022-03-05,471742,7660,229,Premier League,2022
268,Jxr8EPNrl4I,Burnley SavunmasÄ±nÄ±n HatasÄ±nÄ± Christian Pulisic Affetmedi! ğŸ’¥,2022-03-05,6822,154,13,other,2022
269,mGsFHyRbrd8,iddaa.com | Udinese - Sampdoria (2-1) - MaÃ§ Ã–zeti - Serie A 2021/22,2022-03-05,5105,132,8,Serie A,2022
270,mFEFV97grvk,"Kai Havertz ve Reece James Ä°kilisiyle Chelsea, Burnley KarÅŸÄ±sÄ±nda BaÅŸka Seviyede! ğŸ¤©",2022-03-05,6488,161,13,other,2022
271,GDB16MOigjg,"Kai Havertz&#39;in Kafa GolÃ¼yle Chelsea, Burnley KarÅŸÄ±sÄ±nda FarkÄ± AÃ§Ä±yor! ğŸ‘€",2022-03-05,6647,257,23,other,2022
272,cEvTEGDsQ94,Reece James&#39;ten Ã‡ok GÃ¼zel Bir Gol! ğŸ˜¤,2022-03-05,20567,546,35,other,2022
273,cpNKmAG1lQo,Edouard Mendy&#39;nin HatasÄ±nÄ± Dwight McNeil Golle SonuÃ§landÄ±ramadÄ±! ğŸ˜,2022-03-05,7767,154,19,other,2022
274,5PO21ltFMow,Chelsea&#39;nin DeÄŸerlendiremediÄŸi Pozisyon! ğŸ‘€,2022-03-05,31938,401,33,other,2022
275,RbCdL42s-BM,iddaa.com | Leicester City - Leeds United (1-0) - MaÃ§ Ã–zeti - Premier League 2021/22,2022-03-05,92068,1410,77,Premier League,2022
276,xl7uk-qWFSc,"Harvey Barnes, Leicester&#39;Ä± 1-0 Ã–ne GeÃ§iriyor!",2022-03-05,12100,233,22,other,2022
277,IcrPKu0aNaE,iddaa.com | Inter - Salernitana (5-0) - MaÃ§ Ã–zeti - Serie A 2021/22,2022-03-04,356049,5618,271,Serie A,2022
278,5RxfhtopOBc,"Lautaro Martinez&#39;in, Salernitana&#39;ya KarÅŸÄ± YaptÄ±ÄŸÄ± Hat-trick! #SerieA #Shorts",2022-03-04,39854,722,9,Serie A,2022
279,GrBr-qMpAh0,Edin Dzeko&#39;nun 2.GolÃ¼! #SerieA,2022-03-04,7806,151,6,Serie A,2022
280,RGTNAyWfRTY,Edin Dzeko ile Skor 4-0 Oluyor! #SerieA,2022-03-04,8365,130,11,Serie A,2022
281,1nW9kT-eHkQ,Lautaro Martinez&#39;den Hat-trick! #SerieA,2022-03-04,10409,204,19,Serie A,2022
282,FZgWZI4pKiY,Lautaro Martinez&#39;in 2.GolÃ¼! #SerieA,2022-03-04,11535,212,29,Serie A,2022
283,OVi5mMBDPJ0,"Inter, Lautaro Martinez ile 1-0 Ã–ne GeÃ§ti! #SerieA",2022-03-04,26090,420,29,Serie A,2022
284,pcmfEWhBk8U,iddaa.com | Dallas Mavericks - Los Angeles Lakers MaÃ§ Ã–zeti - NBA 2021/22,2022-03-02,4210,55,19,NBA,2022
285,VtpQu2wW5LI,Jamie Vardy SakatlÄ±ktan Golle DÃ¶ndÃ¼! #PremierLeague,2022-03-01,64916,1373,75,Premier League,2022
286,6naQKIUcHHw,James Maddison Harika Vurdu! #PremierLeague,2022-03-01,26738,776,53,Premier League,2022
287,4UOlnKsyzYM,Edge Kendini Kaybetti! | WWE Raw (TÃ¼rkÃ§e AnlatÄ±m),2022-03-01,10547,238,19,WWE,2022
288,MfXROxxbdYY,iddaa.com | Atalanta - Sampdoria (4-0) - MaÃ§ Ã–zeti - Serie A 2021/22,2022-02-28,88169,1565,68,Serie A,2022
289,eopdqAkrvdo,Aleksey Miranchuk&#39;dan Ã‡ok GÃ¼zel Bir Solo Gol! ğŸ”¥,2022-02-28,143511,2218,98,other,2022
290,FXmAyHTnX94,"Teun Koopmeiners, Kalecinin UzanamayacaÄŸÄ± KÄ±sma Topu GÃ¶nderiyor! ğŸ‘€",2022-02-28,5073,140,8,other,2022
291,htnxn9sppm4,"Teun Koopmeiners, KÃ¶ÅŸeye Temiz Bir VuruÅŸ YapÄ±yor! ğŸ‘€",2022-02-28,5928,118,7,other,2022
292,Z9feBJ733Ik,Mario Pasalic&#39;ten ÅÄ±k Kafa GolÃ¼! ğŸ‘Œ,2022-02-28,13646,358,28,other,2022
293,U87N4KsoQ3M,Cristiano Ronaldo ile Bruno Fernandes ArasÄ±nda Buz Gibi Anlar! â„ï¸ #PremierLeague,2022-02-28,869843,10030,1140,Premier League,2022
294,Lxatv5jVkp8,Subway TÃ¼rkiye ile HaftanÄ±n Ä°z BÄ±rakanÄ±: Harry Kane &amp; Son Heung-min,2022-02-28,4083,72,15,other,2022
295,3z9G2ZhfcPo,Premier League&#39;de 27. HaftanÄ±n En GÃ¼zel Golleri (2021/22),2022-02-28,11627,211,10,Premier League,2022
296,oPnMzaCq0_g,Premier League&#39;de 27. HaftanÄ±n En GÃ¼zel KurtarÄ±ÅŸlarÄ± (2021/22),2022-02-28,4499,115,2,Premier League,2022
297,hTFXxoqgJJ8,iddaa.com | Lazio - Napoli (1-2) - MaÃ§ Ã–zeti - Serie A 2021/22,2022-02-27,153549,2562,165,Serie A,2022
298,TUOqIef1vSs,"FabiÃ¡n Ruiz ile Napoli, Son Dakikada Galibiyeti AldÄ±! ğŸ”¥ğŸ”¥ğŸ”¥",2022-02-27,94436,1441,78,other,2022
299,0mtc2AVeteI,Pedro&#39;dan GeliÅŸine Nefis Gol! ğŸ‘Œ,2022-02-27,90181,1635,49,other,2022
300,TUOqIef1vSs,"FabiÃ¡n Ruiz ile Napoli, Son Dakikada Galibiyeti AldÄ±! ğŸ”¥ğŸ”¥ğŸ”¥",2022-02-27,94436,1441,78,other,2022
301,0mtc2AVeteI,Pedro&#39;dan GeliÅŸine Nefis Gol! ğŸ‘Œ,2022-02-27,90181,1635,49,other,2022
302,FT1qB6_GYTA,Lorenzo Insigne&#39;den ÅÄ±k Gol! ğŸ¯,2022-02-27,19381,486,34,other,2022
303,TA4MVjo2aw8,iddaa.com | West Ham - Wolverhampton (1-0) - MaÃ§ Ã–zeti - Premier League 2021/22,2022-02-27,36214,796,34,Premier League,2022
304,3kClLc6EuF0,iddaa.com | Verona - Venezia (3-1) - MaÃ§ Ã–zeti - Serie A 2021/22,2022-02-27,16511,345,30,Serie A,2022
305,TPBYWFE6qaI,Tomas Soucek ile West Ham United Ã–ne GeÃ§ti! ğŸ’ª,2022-02-27,3060,64,4,other,2022
306,-qeDUPIzArA,Simeone&#39;nin 2.GolÃ¼! #SerieA,2022-02-27,3641,72,8,Serie A,2022
307,0Mcf4tmEkP8,"Hwang Hee-chan, Net Pozisyonu DeÄŸerlendiremedi! ğŸ‘€",2022-02-27,5229,70,11,other,2022
308,7zpkQu9NQhg,Declan Rice&#39;Ä±n Åutuna Direk Ä°zin Vermedi! ğŸš«,2022-02-27,14955,341,35,other,2022
309,xE1aKz-qhb0,iddaa.com | Torino - Cagliari (1-2) - MaÃ§ Ã–zeti - Serie A 2021/22,2022-02-27,4555,133,4,Serie A,2022
310,O4RWBsSoovI,iddaa.com | Sassuolo - Fiorentina (2-1) - MaÃ§ Ã–zeti - Serie A 2021/22,2022-02-26,20375,371,40,Serie A,2022
311,8XWA3YEOa_o,Defrel&#39;den MaÃ§ KazandÄ±ran Gol! #SerieA,2022-02-26,12523,245,15,Serie A,2022
312,fMl2KKAVMnc,Hamed TraorÃ¨ AttÄ±ÄŸÄ± GÃ¼zel Ã‡alÄ±mlarÄ± Golle SÃ¼sledi! #SerieA,2022-02-26,18697,340,32,Serie A,2022
313,f9Uvs2pmB8Q,iddaa.com | Everton - Manchester City (0-1) - MaÃ§ Ã–zeti - Premier League 2021/22,2022-02-26,358184,5821,681,Premier League,2022
314,2tTgV6Af-QM,iddaa.com | Empoli - Juventus (2-3) - MaÃ§ Ã–zeti - Serie A 2021/22,2022-02-26,285831,4949,330,Serie A,2022
315,MsmonPbn5N4,SavunmanÄ±n BÃ¼yÃ¼k HatasÄ±nda Phil Foden GolÃ¼ Buldu! #PremierLeague,2022-02-26,32350,587,67,Premier League,2022
316,3O3DWuy8fdo,Everton - Manchester City MaÃ§Ä± Ã–ncesinde TakÄ±mlarÄ±n Ukrayna&#39;ya Desteklerini GÃ¶sterdikleri Anlar,2022-02-26,39735,1104,146,other,2022
317,_bnsJg2ciE8,Lesnar Ä°le Reigns ArasÄ±nda OrtalÄ±k KarÄ±ÅŸtÄ±! | WWE SmackDown (TÃ¼rkÃ§e AnlatÄ±m),2022-02-26,43819,903,86,WWE,2022
318,ea50ZlF3A9o,iddaa.com | Southampton - Norwich (2-0) - MaÃ§ Ã–zeti - Premier League 2021/22,2022-02-26,18347,472,42,Premier League,2022
319,lWoB9clYPoI,iddaa.com | Crystal Palace - Burnley (1-1) - MaÃ§ Ã–zeti - Premier League 2021/22,2022-02-26,15904,393,16,Premier League,2022
320,QRrW-0ybwQY,DuÅ¡an VlahoviÄ‡ Gole Doymuyor! #SerieA,2022-02-26,87834,2029,150,Serie A,2022
321,a5wGU81d8t0,iddaa.com | Brighton - Aston Villa (0-2) - MaÃ§ Ã–zeti - Premier League 2021/22,2022-02-26,48385,948,32,Premier League,2022
322,xdKsspRJZI8,iddaa.com | Brentford - Newcastle (0-2) - MaÃ§ Ã–zeti - Premier League 2021/22,2022-02-26,54242,1011,74,Premier League,2022
323,axv-Rw8C6Dk,Atmaya devam ediyor! DuÅ¡an VlahoviÄ‡! ğŸ”¥ #SerieA,2022-02-26,95427,2184,163,Serie A,2022
324,ZazVOg-3_Zc,Cristiano Ronaldo&#39;nun Net Pozisyondaki Åutu TakÄ±m ArkadaÅŸÄ±na Ã‡arptÄ± #PremierLeague,2022-02-26,601771,7142,669,Premier League,2022
325,B3jXC4Zfok0,Newcastle United FarkÄ± Ä°kiye Ã‡Ä±kartÄ±yor! #PremierLeague,2022-02-26,8097,156,19,Premier League,2022
326,ryJYIMcKb6U,Zortea&#39;dan Harika Bir Gol! #SerieA,2022-02-26,3723,72,12,Serie A,2022
327,9QCfV7GNwTE,"Joelinton, Newcastle United&#39;Ä± Kafa GolÃ¼ Ä°le Ã–ne GeÃ§iriyor! #PremierLeague",2022-02-26,4007,86,6,Premier League,2022
328,vHGcGzo-nic,Jeffrey Schlupp GÃ¼zel PasÄ± Gole Ã‡eviriyor! #PremierLeague,2022-02-26,2664,79,5,Premier League,2022
329,oVPcUwQzF6s,iddaa.com | Leeds United - Tottenham (0-4) - MaÃ§ Ã–zeti - Premier League 2021/22,2022-02-26,386267,6364,302,Premier League,2022
330,qWvd_gHbEc4,Heung-min Son ile Skor 4-0! #PremierLeague,2022-02-26,15322,389,54,Premier League,2022
331,FwD36Nqjk8o,Tottenham&#39;dan 15 dakikada 2 gol! #PremierLeague,2022-02-26,19116,355,24,Premier League,2022
332,rcVlLr0phoQ,Yunanistan 72-71 TÃ¼rkiye | MaÃ§ Ã–zeti - FIBA 2023 DÃ¼nya KupasÄ± Elemeleri,2022-02-26,4759,45,12,International,2022
333,KB1tuROo_4k,iddaa.com | Genoa - Inter (0-0) - MaÃ§ Ã–zeti - Serie A 2021/22,2022-02-25,21337,366,67,Serie A,2022
334,8JAMoM4K7iw,Oriol Romeu GeliÅŸine Harika Vurdu! #PremierLeague,2022-02-25,23116,515,40,Premier League,2022
335,LiuRQRnWqgE,"Southampton, Che Adams ile 1-0 Ã–ne GeÃ§ti! #PremierLeague",2022-02-25,7394,133,16,Premier League,2022
336,DqG1zoOiZ_s,iddaa.com | AC Milan - Udinese (1-1) - MaÃ§ Ã–zeti - Serie A 2021/22,2022-02-25,35921,622,70,Serie A,2022
337,Ycli_KWW2To,Rafael LeÃ£o Ã‡ok GÃ¼zel Bitirdi! #SerieA,2022-02-25,25516,491,44,Serie A,2022
338,N2k_-697-Kg,"AltÄ±n Oran | Ä°ddaa Tahminleri - SÃ¼per Lig, Premier Lig, Bundesliga, La Liga, Serie A, Ligue 1",2022-02-25,6960,115,16,Serie A,2022
339,ishpIdKxYv0,iddaa.com | Arsenal - Wolverhampton (2-1) - MaÃ§ Ã–zeti - Premier League 2021/22,2022-02-25,172076,3474,177,Premier League,2022
340,inICk-Xhr6g,"Alexandre Lacazette, Arsenal&#39;e galibiyeti getiriyor! #PremierLeague",2022-02-24,80720,1684,148,Premier League,2022
341,swXQPWCj3n8,"Nicolas Pepe, sonradan oyuna girip maÃ§Ä±n kaderini deÄŸiÅŸtiriyor! #PremierLeague",2022-02-24,38099,635,31,Premier League,2022
342,V_nToRHLCJ8,Gabriel&#39;in HatasÄ±nda Wolves GolÃ¼ Buldu! #PremierLeague,2022-02-24,32659,537,38,Premier League,2022
343,nFa6awiAvSk,iddaa.com | Liverpool - Leeds United (6-0) - MaÃ§ Ã–zeti - Premier League 2021/22,2022-02-23,987008,19391,928,Premier League,2022
344,Mn6nSJt8s_g,Virgil van Dijk AttÄ±ÄŸÄ± Bu GÃ¼zel Kafa GolÃ¼ Ä°le MaÃ§Ä±n Skorunu Belirledi! #PremierLeague,2022-02-23,19123,346,37,Premier League,2022
345,Cstu_b0XP6Q,Mane Ä°le Skor 5-0! #PremierLeague,2022-02-23,13228,228,18,Premier League,2022
346,d0bx0BNh6T0,Zaha&#39;dan MuhteÅŸem Bir Gol! #PremierLeague,2022-02-23,246976,4166,112,Premier League,2022
347,ORUguPBgB3k,"Burnley, Ben Mee&#39;nin attÄ±ÄŸÄ± golle Ã¶ne geÃ§iyor! #PremierLeague",2022-02-23,5513,107,19,Premier League,2022
348,M3_KFlcqwzo,Salah PenaltÄ±larÄ± BoÅŸ GeÃ§medi! #PremierLeague,2022-02-23,26333,472,52,Premier League,2022
349,J32bO0For04,Matip&#39;in GolÃ¼ Ä°le Fark Ä°ki Oluyor! #PremierLeague,2022-02-23,19287,366,33,Premier League,2022
350,wsjLQNc3S44,iddaa.com | Bologna - Spezia (2-1) - MaÃ§ Ã–zeti - Serie A 2021/22,2022-02-21,8995,191,15,Serie A,2022
351,bcpEiK721mM,"Marko ArnautoviÄ‡, Bologna&#39;yÄ± Ã–ne GeÃ§irdi! #SerieA",2022-02-21,4372,75,6,Serie A,2022
352,ROWbVmIFMH8,"Bologna, Marko ArnautoviÄ‡ ile BeraberliÄŸi YakaladÄ±! #SerieA",2022-02-21,3501,44,7,Serie A,2022
353,60KjgYRq9GM,iddaa.com | Cagliari  - Napoli (1-1) - MaÃ§ Ã–zeti - Serie A 2021/22,2022-02-21,28206,442,53,Serie A,2022
354,-QeojYCePbA,"Cagliari, Napoli KarÅŸÄ±sÄ±nda 1-0 Ã–ne GeÃ§iyor! #SerieA",2022-02-21,3742,124,9,Serie A,2022
355,wRURpTK57aw,Premier League&#39;de 26. HaftanÄ±n En GÃ¼zel Golleri (2021/22),2022-02-21,47823,978,50,Premier League,2022
356,oNq9W8zuQAI,Subway TÃ¼rkiye ile HaftanÄ±n Oyuncusu: Harry Kane,2022-02-21,3178,93,27,other,2022
357,Npx0sVu2HFI,Premier League&#39;de 26. HaftanÄ±n En GÃ¼zel KurtarÄ±ÅŸlarÄ± (2021/22),2022-02-21,4747,132,12,Premier League,2022
358,e3g0WDBmagM,iddaa.com | Team Durant - Team LeBron MaÃ§ Ã–zeti - NBA 2021/22,2022-02-21,15770,265,30,NBA,2022
359,HpBAi0pKnQA,iddaa.com | Udinese - Lazio (1-1) - MaÃ§ Ã–zeti - Serie A 2021/22,2022-02-20,9317,221,10,Serie A,2022
360,mzXWzJrHldo,iddaa.com | Inter - Sassuolo (0-2) - MaÃ§ Ã–zeti - Serie A 2021/22,2022-02-20,96411,1270,193,Serie A,2022
361,gtUQLVj8PB4,iddaa.com | Wolves  - Leicester (2-1) - MaÃ§ Ã–zeti - Premier League 2021/22,2022-02-20,164427,2780,170,Premier League,2022
362,xYTMY4KXpA4,"Giacomo Raspadori, Sassuolo&#39;yu BÃ¶yle Ã–ne GeÃ§irdi! #SerieA",2022-02-20,6923,112,9,Serie A,2022
363,t3ykSmJ6EXs,"Leicester City, Lookman Ä°le BeraberliÄŸi YakaladÄ±! #PremierLeague",2022-02-20,7220,141,16,Premier League,2022
364,wpM6y4mh4dA,"Wolves, Ruben Neves ile 1-0 Ã–ne GeÃ§ti! #PremierLeague",2022-02-20,9189,189,12,Premier League,2022
365,G_5PTQNdD6k,iddaa.com | Venezia - Genoa (1-1) - MaÃ§ Ã–zeti - Serie A 2021/22,2022-02-20,6023,141,12,Serie A,2022
366,TD4wEkAYKBU,iddaa.com | Leeds United - Manchester United (2-4) - MaÃ§ Ã–zeti - Premier League 2021/22,2022-02-20,998872,18487,1069,Premier League,2022
367,QRzQbuRrxjI,Manchester United&#39;Ä±n 4.golÃ¼! #PremierLeague,2022-02-20,49519,1094,97,Premier League,2022
368,e_Kyfb55TbY,Fred Oyuna Girdi GolÃ¼nÃ¼ AttÄ±! #PremierLeague,2022-02-20,57496,1069,85,Premier League,2022
369,P1UVBqYq_3c,Bruno Fernandes FarkÄ± 2&#39;ye Ã‡Ä±karttÄ±! #PremierLeague,2022-02-20,37009,689,104,Premier League,2022
370,Edbr_e0GQ3A,Ekuban&#39;dan Beraberlik GolÃ¼! #SerieA,2022-02-20,8747,179,16,Serie A,2022
371,ZBgb4l_x5Js,"Harry Maguire, Manchester United&#39;Ä± 1-0 Ã–ne GeÃ§iriyor! #PremierLeague",2022-02-20,24702,545,71,Premier League,2022
372,ZE43GsF9-HM,iddaa.com | Fiorentina - Atalanta (1-0) - MaÃ§ Ã–zeti - Serie A 2021/22,2022-02-20,20316,349,60,Serie A,2022
373,idGORn83inc,"Fiorentina, Piatek ile Atalanta KarÅŸÄ±sÄ±nda 1-0 Ã–ne GeÃ§ti! #SerieA",2022-02-20,10595,276,84,Serie A,2022
374,QXZg1wbXils,"Obi Toppin, SmaÃ§ YarÄ±ÅŸmasÄ±&#39;nÄ±n ÅŸampiyonu oluyor! ğŸ‘  | 2022 NBA All-Star",2022-02-20,13384,117,31,NBA,2022
375,E8R8nPuOdfs,"Jalen Green, gecenin en estetik smaÃ§larÄ±ndan birini vuruyor! ğŸš€  | 2022 NBA All-Star",2022-02-20,21628,267,16,NBA,2022
376,vMZDHv26PcQ,"Cole Anthony, gecenin ilk smacÄ±nÄ± kendisine has botlarÄ±yla vuruyor!   | 2022 NBA All-Star",2022-02-20,11415,96,4,NBA,2022
377,hhI1lYc1FR4,"Obi Toppin, SmaÃ§ YarÄ±ÅŸmasÄ±&#39;nÄ±n ilk turuna imzasÄ±nÄ± atÄ±yor! ğŸ¤©  | 2022 NBA All-Star",2022-02-20,12433,139,3,NBA,2022
378,dmuiDl_V8DU,"Trae Young, Son Topla Finale KaldÄ±! ğŸ¤¯ | 2022 NBA All-Star",2022-02-20,11040,117,2,NBA,2022
379,BXl_223SzPk,"Luke Kennard, ÃœÃ§lÃ¼k YarÄ±ÅŸmasÄ±&#39;nÄ±n Ä°lk Turunda 28 Puana UlaÅŸtÄ±! ğŸ‘Œ | 2022 NBA All-Star",2022-02-20,9801,97,9,NBA,2022
380,LvWRhhZqAfQ,"Ã‡aylaklar TakÄ±mÄ±, Yetenek YarÄ±ÅŸmasÄ±&#39;nda Finale YÃ¼kseliyor! âœˆ | 2022 NBA All-Star",2022-02-20,6817,71,0,NBA,2022
381,Qn0ffkdBUBA,iddaa.com | Salernitana - Milan (2-2) - MaÃ§ Ã–zeti - Serie A 2021/22,2022-02-19,96135,1351,146,Serie A,2022
382,ve5Y_RTX_fc,"Milan, Ante Rebic ile BeraberliÄŸi YakaladÄ±! #SerieA",2022-02-19,3978,94,14,Serie A,2022
383,dB5lGOIOlv8,iddaa.com | Brighton - Burnley (0-3) - MaÃ§ Ã–zeti - Premier League 2021/22,2022-02-19,47783,992,64,Premier League,2022
384,TDUeqHCMGJ0,iddaa.com | Aston Villa - Watford (0-1) - MaÃ§ Ã–zeti - Premier League 2021/22,2022-02-19,39795,731,68,Premier League,2022
385,B-9YyYNZC08,iddaa.com | Manchester City - Tottenham (2-3) - MaÃ§ Ã–zeti - Premier League 2021/22,2022-02-19,1406377,31915,1703,Premier League,2022
386,CEDF7Ua6wzM,DRAMA ÃœSTÃœNE DRAMA! Harry Kane Bir Kez Daha Sahnede! ğŸ˜±ğŸ˜±ğŸ˜±,2022-02-19,28115,920,149,other,2022
387,n4lzk2XBcXA,RIYAD MAHREZ! ğŸ˜¤ğŸ˜¤,2022-02-19,21351,528,36,other,2022
388,Sr_GHpcv1zY,iddaa.com | Roma - Hellas Verona (2-2) - MaÃ§ Ã–zeti - Serie A 2021/22,2022-02-19,102498,1378,85,Serie A,2022
389,Y6Gfm0BzsHQ,Hugo Lloris&#39;den Nefis KurtarÄ±ÅŸ! ğŸ˜±ğŸ§¤,2022-02-19,32776,733,42,other,2022
390,A3FlfKufcgU,Harry Kane - Heung-min Son Ä°kilisi Ä°ÅŸbaÅŸÄ±nda! ğŸ”¥ğŸ”¥ğŸ”¥,2022-02-19,24315,604,41,other,2022
391,ABTXGBxyRLY,Roma BeraberliÄŸi YakaladÄ±! #SerieA,2022-02-19,4485,122,15,Serie A,2022
392,Y2_ydIc7KCE,iddaa.com | Southampton - Everton (2-0) - MaÃ§ Ã–zeti - Premier League 2021/22,2022-02-19,62278,995,80,Premier League,2022
393,R6ZLQZSYbOs,iddaa.com | Arsenal - Brentford (2-1) - MaÃ§ Ã–zeti - Premier League 2021/22,2022-02-19,207699,3299,156,Premier League,2022
394,PjgVVqmM0L0,iddaa.com | Crystal Palace - Chelsea (0-1) - MaÃ§ Ã–zeti - Premier League 2021/22,2022-02-19,236331,4098,173,Premier League,2022
395,8D9SX6GxGmY,"Heung-min Son, SoÄŸukkanlÄ± DavrandÄ±! Dejan Kulusevski ile Tottenham, City KarÅŸÄ±sÄ±nda Ã–ne GeÃ§ti! ğŸ‘Š",2022-02-19,29066,700,64,other,2022
396,JWysJXvuHJg,Verona FarkÄ± 2&#39;ye Ã‡Ä±kardÄ±! #SerieA,2022-02-19,2274,64,15,Serie A,2022
397,FT8OK53VxMI,iddaa.com | Liverpool - Norwich (3-1) - MaÃ§ Ã–zeti - Premier League 2021/22,2022-02-19,768981,13506,665,Premier League,2022
398,dBfo05WABE0,"Luis Diaz, Liverpool FormasÄ±yla Ä°lk GolÃ¼nÃ¼ Kaydetti! ğŸ”¥",2022-02-19,47759,1156,68,other,2022
399,_uPp_iODWoI,Emile Smith Rowe&#39;un Klas GolÃ¼ #PremierLeague,2022-02-19,68276,1384,37,Premier League,2022
400,dBfo05WABE0,"Luis Diaz, Liverpool FormasÄ±yla Ä°lk GolÃ¼nÃ¼ Kaydetti! ğŸ”¥",2022-02-19,47759,1156,68,other,2022
401,_uPp_iODWoI,Emile Smith Rowe&#39;un Klas GolÃ¼ #PremierLeague,2022-02-19,68276,1384,37,Premier League,2022
402,hf3KyTVAWns,"MOHAMED SALAH! Liverpool, Norwich karÅŸÄ±sÄ±nda Ã¶ne geÃ§ti! ğŸ˜¤",2022-02-19,34215,891,84,other,2022
403,CnDpdBTckoo,Sadio Mane&#39;den Harika Gol! ğŸ¤¸â€â™‚,2022-02-19,38347,1202,74,other,2022
404,SET622yiVnA,iddaa.com | Sampdoria - Empoli (2-0) - MaÃ§ Ã–zeti - Serie A 2021/22,2022-02-19,5200,145,9,Serie A,2022
405,XWjyous1CrA,Milot Rashica ile Norwich Ã–ne GeÃ§ti! ğŸ’ª,2022-02-19,10384,298,83,other,2022
406,Jq16AUQaecY,"Teemu Pukki ile Norwich, FÄ±rsat Tepti! ğŸ˜®",2022-02-19,4618,98,15,other,2022
407,aTaFY3CypnY,Konstantinos Tsimikas&#39;Ä±n KaÃ§Ä±rdÄ±ÄŸÄ± Net Pozisyon! ğŸ¤¯,2022-02-19,7795,160,43,other,2022
408,g65fKswKSi8,West Ham - Newcastle MaÃ§Ä±nda Ä°pler Gerildi! ğŸ‘€,2022-02-19,253762,2190,107,other,2022
409,qn7hgwF_YR4,SaÃ¯d Benrahma ile David Moyes ArasÄ±ndaki Gerginlik! ğŸ¿,2022-02-19,66058,681,54,other,2022
410,tbSenOsqV48,"Joe Willock ile Newcastle, EÅŸitliÄŸi SaÄŸladÄ±!",2022-02-19,5102,123,9,other,2022
411,kqAVCZEmw0E,"Craig Dawson ile West Ham, Newcastle KarÅŸÄ±sÄ±nda Ã–ne GeÃ§ti!",2022-02-19,3884,88,11,other,2022
412,sZWetNXnLXo,Jarrod Bowen&#39;Ä±n Åutu Direkten DÃ¶ndÃ¼! ğŸ‘€,2022-02-19,6356,130,9,other,2022
413,sfFhflRk-Hw,NBA SmaÃ§ YarÄ±ÅŸmasÄ± Tarihindeki BÃ¼tÃ¼n 50 PuanlÄ±k SmaÃ§lar! ğŸ”¥,2022-02-19,228536,2175,134,NBA,2022
414,qgQWn7oKWPk,iddaa.com | Juventus - Torino (1-1) - MaÃ§ Ã–zeti - Serie A 2021/22,2022-02-18,62695,1049,111,Serie A,2022
415,C0Ko1RiMUMc,Derbide ilk gol Juve&#39;den!,2022-02-18,14837,262,24,other,2022
416,uvI5a0PatgM,"AltÄ±n Oran | Ä°ddaa Tahminleri - SÃ¼per Lig, Premier Lig, Bundesliga, La Liga, Serie A, Ligue 1",2022-02-18,8012,132,10,Serie A,2022
417,7T36bxOe2hU,Kevin Durant ve Bu Sezon YaptÄ±ÄŸÄ± En Ä°yi Hareketler! ğŸ”¥,2022-02-18,2289,51,5,other,2022
418,Rkh5VrOUdwY,Stephen Curry ve Bu Sezon YaptÄ±ÄŸÄ± En Ä°yi Hareketler! ğŸ‘¨â€ğŸ³,2022-02-17,4200,89,10,other,2022
419,TNLUrREeelg,Kobe Bryant ve NBA All-Star MaÃ§larÄ±nda YaptÄ±ÄŸÄ± En Ä°yi Hareketler! ğŸ,2022-02-16,4685,110,11,NBA,2022
420,04uSD6Z79Bw,iddaa.com | Manchester United - Brighton (2-0) - MaÃ§ Ã–zeti - Premier League 2021/22,2022-02-15,1014532,21283,1263,Premier League,2022
421,TYI693dEEEM,Brock Lesnar Åov YaptÄ±! | WWE Raw (TÃ¼rkÃ§e AnlatÄ±m),2022-02-15,17688,374,36,WWE,2022
422,kHDxWoZcIIg,Subway TÃ¼rkiye ile HaftanÄ±n Oyuncusu: Raheem Sterling,2022-02-15,2470,53,5,other,2022
423,pON8CHIfsNg,Premier League&#39;de 25. HaftanÄ±n En GÃ¼zel Golleri (2021/22),2022-02-15,9174,176,10,Premier League,2022
424,bCcqwIqsCEs,Premier League&#39;de 25. HaftanÄ±n En GÃ¼zel KurtarÄ±ÅŸlarÄ± (2021/22),2022-02-15,3684,79,12,Premier League,2022
425,iwqj48_e4dk,iddaa.com | Spezia - Fiorentina (1-2) - MaÃ§ Ã–zeti - Serie A 2021/22,2022-02-14,30454,534,84,Serie A,2022
426,TFB1fOqM7ok,iddaa.com | Newcastle United - Aston Villa (1-0) - MaÃ§ Ã–zeti - Premier League 2021/22,2022-02-14,92422,2098,118,Premier League,2022
427,SuRa6vLJmLc,iddaa.com | Watford - Brighton (0-2) - MaÃ§ Ã–zeti - Premier League 2021/22,2022-02-13,29384,597,27,Premier League,2022
428,aCttuh7aPqw,iddaa.com | Atalanta - Juventus (1-1) - MaÃ§ Ã–zeti - Serie A 2021/22,2022-02-13,194120,3185,243,Serie A,2022
429,I-wE3QP7KP4,Juventus Son Dakikalarda BeraberliÄŸi YakaladÄ±! #SerieA,2022-02-13,102645,1460,70,Serie A,2022
430,X2dR8OhpdOY,iddaa.com | Sassuolo - Roma (2-2) - MaÃ§ Ã–zeti - Serie A 2021/22,2022-02-13,80405,1089,82,Serie A,2022
431,iXUW7_AGR-A,"Roma, Bryan Cristante&#39;nin attÄ±ÄŸÄ± son dakika golÃ¼yle eÅŸitliÄŸi yakaladÄ±! #SerieA",2022-02-13,30670,294,27,Serie A,2022
432,tdmYR9Qpciw,"Liverpool, Duran Toptan Gol Atmaya BayÄ±lÄ±yor! Bu Kez Sahnedeki Ä°sim Fabinho! ğŸ¤©",2022-02-13,71808,1387,59,other,2022
433,1fQ_28Jq4CQ,Tottenham DefansÄ±ndan Ãœst Ãœste Hatalar ve Wolves 2-0 Ã–ne GeÃ§ti! #PremierLeague,2022-02-13,18980,351,35,Premier League,2022
434,BbXYtwRVIN0,James Ward-Prowse&#39;den Frikik Dersleri! #PremierLeague,2022-02-13,143712,5269,199,Premier League,2022
435,9Jpcb8WV_9I,iddaa.com | Torino - Venezia (1-2) - MaÃ§ Ã–zeti - Serie A 2021/22,2022-02-12,7837,172,17,Serie A,2022
436,nYvNEpoT8YU,iddaa.com | Napoli - Inter (1-1) - MaÃ§ Ã–zeti - Serie A 2021/22,2022-02-12,181834,2185,151,Serie A,2022
437,c0wdZT0Nrnw,iddaa.com | Brentford - Crystal Palace (0-0) - MaÃ§ Ã–zeti - Premier League 2021/22,2022-02-12,8083,222,22,Premier League,2022
438,WXjJI7mkDZk,GolcÃ¼ AttÄ± GolÃ¼! Dzeko Ä°le Inter Skoru 1-1 YapÄ±yor! #SerieA,2022-02-12,7227,158,9,Serie A,2022
439,A3iD6CujJPc,iddaa.com | Everton - Leeds United (3-0) - MaÃ§ Ã–zeti - Premier League 2021/22,2022-02-12,135746,2312,86,Premier League,2022
440,5fh4nwozudg,Richarlison&#39;dan Klas Gol! #PremierLeague,2022-02-12,32846,764,52,Premier League,2022
441,G41cG9HvJ0k,Neal Maupay&#39;dan MUHTEÅEM Gol! ğŸ”¥ğŸ‘€ #PremierLeague,2022-02-12,30109,760,24,Premier League,2022
442,PNfzsxhcvaQ,Southampton beraberliÄŸi yakaladÄ±! #PremierLeague,2022-02-12,15057,306,70,Premier League,2022
443,vSZqnI4ulpA,"Manchester United, Jadon Sancho ile 1-0 Ã¶ne geÃ§iyor! #PremierLeague",2022-02-12,77954,1668,125,Premier League,2022
444,6-LBVJBIYaU,Subway TÃ¼rkiye ile HaftanÄ±n Oyuncusu: Philippe Coutinho!,2022-02-11,7495,197,17,other,2022
445,861Yu5-IEE8,Liverpool 2.golÃ¼ Jota ile buluyor! #PremierLeague,2022-02-10,17945,299,20,Premier League,2022
446,Lq_pmOQs_Tw,Liverpool Her Yolu Deniyor! Mohamed Salah ile Luiz Diaz Ä°kilisi 2. GolÃ¼n PeÅŸinde! ğŸ¤¯,2022-02-10,71224,1271,72,other,2022
447,fS8sgNdAItI,"Diogo Jota, Gollerine Devam Ediyor! ğŸ”¥",2022-02-10,16863,383,49,other,2022
448,FxBhbpcce94,"Harden - Sixers SÃ¶ylentileri, Hornets KayÄ±plarda! | Miray Ã‡avuÅŸoÄŸlu &amp; Orkun Ã‡olakoÄŸlu | NBA GÃ¼nlÃ¼ÄŸÃ¼",2022-02-10,2992,58,7,NBA,2022
449,9XyHC0Hm3KM,iddaa.com | Aston Villa - Leeds United (3-3) - MaÃ§ Ã–zeti - Premier League 2021/22,2022-02-09,320210,6296,243,Premier League,2022
450,s6lnkYavL-Q,Burnley BeraberliÄŸi YakaladÄ±! #PremierLeague,2022-02-08,20605,323,129,Premier League,2022
451,diSPDWIdrEg,"Manchester United, Paul Pogba ile 1-0 Ã–ne GeÃ§iyor! #PremierLeague",2022-02-08,111269,2444,183,Premier League,2022
452,iOYVs7sPSfM,MuhteÅŸem MaÃ§a Seth Rollins Damga Vurdu! | WWE Raw (TÃ¼rkÃ§e AnlatÄ±m),2022-02-08,5504,144,24,WWE,2022
453,t49uWtpv4YM,Cedi Osman Alev AldÄ±! ğŸ”¥ | Miray Ã‡avuÅŸoÄŸlu &amp; Orkun Ã‡olakoÄŸlu | NBA GÃ¼nlÃ¼ÄŸÃ¼,2022-02-07,3350,67,15,NBA,2022
454,G-ju5yb0H20,iddaa.com | Juventus - Hellas Verona (2-0) - MaÃ§ Ã–zeti - Serie A 2021/22,2022-02-06,230548,4381,280,Serie A,2022
455,pUNC1Cg2NUw,Cristiano Biraghi Topu Kendi AÄŸlarÄ±na GÃ¶nderiyor! #SerieA,2022-02-05,4625,85,14,Serie A,2022
456,RmxF_9rziJM,iddaa.com | Inter - Milan (1-2) - MaÃ§ Ã–zeti - Serie A 2021/22,2022-02-05,737040,12697,782,Serie A,2022
457,a59pkL2oHHA,Olivier Giroud&#39;dan Nefis Bir DÃ¶nÃ¼ÅŸ ve Gol! #SerieA,2022-02-05,86500,1868,118,Serie A,2022
458,6lMf3Y6FpgY,"Milan, Olivier Giroud ile BeraberliÄŸi YakaladÄ±! #SerieA",2022-02-05,31069,524,21,Serie A,2022
459,dMv5Z5-s3EI,Roman Reigns&#39;e Bomba Rakip!  | WWE SmackDown (TÃ¼rkÃ§e AnlatÄ±m),2022-02-05,18923,451,74,WWE,2022
460,Iq0wn0RCkYA,"Hakan Ã‡alhanoÄŸlu&#39;nun Asistinde Inter, Perisic ile 1-0 Ã–ne GeÃ§ti! #SerieA",2022-02-05,38595,865,75,Serie A,2022
461,Yx1SXXpED8w,Cristiano Ronaldo: &quot;Ä°yi Åeyler Ä°nÅŸa Etmek Ä°Ã§in BazÄ± Åeyleri YÄ±kmanÄ±z Gerekir!&quot;,2022-02-04,5893,272,19,other,2022
462,3RLjEO7rpYk,Cristiano Ronaldo: &quot;ArtÄ±k FarklÄ± Biriyim Ama Hedefim AynÄ±! â€,2022-02-04,25890,1074,92,other,2022
463,7EiwFHNLI0c,ABD 3-0 Honduras | DÃ¼nya KupasÄ± 2022 Elemeler | CONCACAF Elemeleri Final Turu |,2022-02-03,8989,165,34,International,2022
464,OzKEYlViMLQ,BeÅŸiktaÅŸlÄ± Atiba Hutchinson&#39;Ä±n El Salvador KarÅŸÄ±sÄ±nda KaydettiÄŸi Ä°lginÃ§ Gol! ğŸ˜ƒ,2022-02-03,523639,5771,413,other,2022
465,8nMhWYhBh5Y,Juventusâ€™un Yeni GolcÃ¼sÃ¼ Dusan Vlahovicâ€™in 2021/22 Sezonunda AttÄ±ÄŸÄ± En GÃ¼zel 5 Gol,2022-02-01,100618,1455,128,other,2022
466,2hQ-GbHIXPk,iddaa.com | Brooklyn Nets - Golden State Warriors MaÃ§ Ã–zeti - NBA 2021/22,2022-01-30,4413,54,5,NBA,2022
467,8k_rODEvChY,All-Star BeÅŸleri AÃ§Ä±klandÄ±! | Miray Ã‡avuÅŸoÄŸlu &amp; Orkun Ã‡olakoÄŸlu | NBA GÃ¼nlÃ¼ÄŸÃ¼,2022-01-28,3302,71,18,NBA,2022
468,aAsYtTCf-bA,iddaa.com | Denver Nuggets - Brooklyn Nets MaÃ§ Ã–zeti - NBA 2021/22,2022-01-27,9399,11,7,NBA,2022
469,fa-DCydTcJQ,LeBron James Åov YaptÄ±! | Miray Ã‡avuÅŸoÄŸlu &amp; Emre GÃ¼rkaynak | NBA GÃ¼nlÃ¼ÄŸÃ¼,2022-01-26,3257,58,13,NBA,2022
470,yBo3XSO9HXc,iddaa.com | Los Angeles Lakers - Brooklyn Nets MaÃ§ Ã–zeti - NBA 2021/22,2022-01-26,6454,70,7,NBA,2022
471,y9fRRW7I3vo,Premier League&#39;de 23. HaftanÄ±n En GÃ¼zel KurtarÄ±ÅŸlarÄ± (2021/22),2022-01-24,7691,195,17,Premier League,2022
472,cZgOasEBsfY,iddaa.com | Empoli - Roma (2-4) - MaÃ§ Ã–zeti - Serie A 2021/22,2022-01-23,168015,2451,108,Serie A,2022
473,xKkqXa56NRs,Fabinho&#39;nun PenaltÄ±dan BulduÄŸu Gol! ğŸ‘€,2022-01-23,7281,151,16,other,2022
474,k1zJjZhigWA,Lorenzo Insigne ile Skor 4-1! #SerieA,2022-01-23,6153,114,31,Serie A,2022
475,pK6-_MN7W8Y,iddaa.com | Cagliari - Fiorentina (1-1) - MaÃ§ Ã–zeti - Serie A 2021/22,2022-01-23,8977,186,23,Serie A,2022
476,BQBQvlTfPHM,iddaa.com | Inter - Venezia (2-1) - MaÃ§ Ã–zeti - Serie A 2021/22,2022-01-22,205845,2843,195,Serie A,2022
477,SylUYZbGde0,"Dzeko, Inter&#39;e MaÃ§Ä± KazandÄ±rÄ±yor! ğŸ”¥ğŸ”¥ğŸ”¥ #SerieA",2022-01-22,67368,1135,87,Serie A,2022
478,skC6wFEX-Qo,iddaa.com | Leeds United - Newcastle United (0-1) - MaÃ§ Ã–zeti - Premier League 2021/22,2022-01-22,61954,944,65,Premier League,2022
479,f1lJShjkw8g,NicolÃ² Barella&#39;nÄ±n AttÄ±ÄŸÄ± Golle Skor 1-1 Oluyor! âš¡ï¸ #SerieA,2022-01-22,9560,182,20,Serie A,2022
480,Lmxe4j-MALk,"Southampton, Walker-Peters ile 1-0 Ã–ne GeÃ§ti! #PremierLeague",2022-01-22,9873,257,13,Premier League,2022
481,nrtkwyZOrUM,"Thomas Henry, Venezia&#39;yÄ± BÃ¶yle Ã–ne GeÃ§irdi! #SerieA",2022-01-22,4833,95,12,Serie A,2022
482,IaKm6rnFG8c,Norwich 3. GolÃ¼ Buluyor! #PremierLeague,2022-01-21,10690,150,24,Premier League,2022
483,0f9AubwPtqA,"Josh Sargent ile Norwich, Galibiyete YakÄ±n!",2022-01-21,7666,168,18,other,2022
484,cuiUxgBK1uc,Bu Sezona Damga Vuruyor! KarÅŸÄ±nÄ±zda Ja Morant! ğŸš€,2022-01-21,4334,100,12,other,2022
485,tWOBIfK83K8,iddaa.com | Leicester City - Tottenham (2-3) - MaÃ§ Ã–zeti - Premier League 2021/22,2022-01-19,1000781,21255,1808,Premier League,2022
486,8n4axkpA8v8,Steven Bergwijn&#39;dan Nefes Kesen Bir Gol! #PremierLeague,2022-01-19,55878,823,34,Premier League,2022
487,o5eK4Pb6VXQ,"Daka, Leicester&#39;Ä± 1-0 Ã–ne GeÃ§iriyor! #PremierLeague",2022-01-19,20420,331,27,Premier League,2022
488,kuNkD-l5tPA,Hakim Ziyech&#39;den Harika Gol! #PremierLeague,2022-01-18,179597,4011,177,Premier League,2022
489,V-bQefDq4Hw,Seth Rollins&#39;e SÃ¼rpriz SaldÄ±rÄ±!  | WWE Raw (TÃ¼rkÃ§e AnlatÄ±m),2022-01-18,8322,173,20,WWE,2022
490,ikXpp6KxDxI,Subway TÃ¼rkiye ile HaftanÄ±n Ä°z BÄ±rakanÄ±: Philippe Coutinho!,2022-01-17,8989,178,9,other,2022
491,OJbweIiEZVw,Premier League&#39;de 22. HaftanÄ±n En GÃ¼zel Golleri (2021/22),2022-01-17,25174,432,29,Premier League,2022
492,OxGAo3vWiEE,iddaa.com | Atalanta - Inter (0-0) - MaÃ§ Ã–zeti - Serie A 2021/22,2022-01-16,90139,1396,208,Serie A,2022
493,Y_JVk1eLK8o,iddaa.com | Roma - Cagliari (1-0) - MaÃ§ Ã–zeti - Serie A 2021/22,2022-01-16,30295,514,52,Serie A,2022
494,wKlcy16L8KE,Andrew Robertson&#39;Ä±n Harika OrtasÄ±nÄ± Alex Oxlade-Chamberlain Gole Ã‡evirdi! ğŸ”¥,2022-01-16,11359,233,16,other,2022
495,fIGzBXFQXXs,"Juventus, Paulo Dybala ile 1-0 Ã–ne GeÃ§ti! #SerieA",2022-01-15,13623,363,42,Serie A,2022
496,2mm3uulAbiM,iddaa.com | Sampdoria - Torino (1-2) - MaÃ§ Ã–zeti - Serie A 2021/22,2022-01-15,12241,214,17,Serie A,2022
497,7GKYrcBa1uI,"Adam Idah ile Norwich, Everton KarÅŸÄ±sÄ±nda FlaÅŸ BaÅŸlangÄ±Ã§ YaptÄ±! âš¡âš¡",2022-01-15,5600,117,14,other,2022
498,jxD6qmHW2HY,Butland penaltÄ±yÄ± kurtardÄ±!,2022-01-14,71182,1036,65,other,2022
499,MWJlSC6RabY,"Fiorentina&#39;ya Åok ÃœstÃ¼ne Åok! Josip Brekalo, MaÃ§taki 2. GolÃ¼ne Ä°mza AttÄ± ve FarkÄ± 3&#39;e YÃ¼kseltti! ğŸ˜²",2022-01-10,25223,346,26,other,2022
500,wVfXsVW0Xv8,iddaa.com | Roma - Juventus (3-4) - MaÃ§ Ã–zeti - Serie A 2021/22,2022-01-09,1148066,24228,1130,Serie A,2022
501,lICfHs_W-6I,Roma Tekrar Ã–ne GeÃ§iyor! #SerieA,2022-01-09,10111,252,22,Serie A,2022
502,N7H7rfIOoFI,Muriel ile Atalanta skoru 2-0 yaptÄ±! #SerieA,2022-01-09,3515,88,15,Serie A,2022
503,nD-EMmi5h2I,Dries Mertens Gollere Devam Ediyor! #SerieA,2022-01-06,20382,292,42,Serie A,2022
504,nMLKwU2Pswk,"Gianluca Caprari, Ceza SahasÄ±nÄ±n DÄ±ÅŸÄ±ndan Nefis Bir Gole Ä°mza AttÄ±! ğŸ¿",2022-01-06,2544,57,1,other,2022
505,RGlekujhE-8,"Leonardo Pavoletti ile Cagliari, Sezonun 2. Galibiyetine Bir AdÄ±m YaklaÅŸtÄ±! âœŒï¸",2022-01-06,2038,42,5,other,2022
506,ZrVIAKG5JgQ,Furkan Korkmaz Åov YaptÄ±! | Miray Ã‡avuÅŸoÄŸlu &amp; Emre GÃ¼rkaynak | NBA GÃ¼nlÃ¼ÄŸÃ¼,2022-01-04,2614,39,5,NBA,2022
507,ivRek16HJoM,Beklenen Gol JoÃ£o Moutinho&#39;dan Geldi! ğŸ”¥ #PremierLeague,2022-01-03,71028,1201,209,Premier League,2022
508,F7GJEj9Cw5s,NBA | En Ä°yi Oyunlar,2022-01-03,3154,39,1,NBA,2022
509,ziPsRtIpj_w,iddaa.com | Chelsea - Liverpool (2-2) - MaÃ§ Ã–zeti - Premier League 2021/22,2022-01-02,1281089,25429,1193,Premier League,2022
510,_R7LtyTtui4,"Erik Lamelaâ€™nÄ±n Rabona GolÃ¼, S Sportâ€™ta 2021â€™in En Ä°yi AnlarÄ± ArasÄ±nda Yer AldÄ±! ğŸ¤¯",2021-12-30,168924,6529,65,other,2021
511,W6pDMbldlIQ,Chelsea&#39;nin SÃ¼per YÄ±ldÄ±zÄ± Seriye BaÄŸladÄ±! Romelu Lukaku Ä°le Maviler 1-0 Ã–ne GeÃ§iyor! #PremierLeague,2021-12-29,69717,1129,106,Premier League,2021
512,ffNV0HwsMVQ,"Ronaldoâ€™nun Unitedâ€™a DÃ¶nÃ¼ÅŸÃ¼nde AttÄ±ÄŸÄ± Goller, S Sportâ€™ta 2021â€™in En Ä°yi AnlarÄ± ArasÄ±nda Yer AldÄ±! ğŸ”¥",2021-12-29,198891,6899,61,other,2021
513,7k5MhdOjkno,"Alisson Becker&#39;in Unutulmaz Son Dakika GolÃ¼, S Sport&#39;ta 2021&#39;in En Ä°yi AnlarÄ± ArasÄ±nda Yer AldÄ±! ğŸ”¥",2021-12-27,519323,21652,203,other,2021
514,UjeeGzgLNA4,iddaa.com | Brighton - Brentford (2-0) - MaÃ§ Ã–zeti - Premier League 2021/22,2021-12-26,49442,916,31,Premier League,2021
515,KT4QEyP-AGw,iddaa.com | Manchester City - Leicester City (6-3) - MaÃ§ Ã–zeti - Premier League 2021/22,2021-12-26,1523653,29025,1315,Premier League,2021
516,1lKXM1NuxJI,"Manchester City, Laporte ile Rahat Nefes AlÄ±yor! #PremierLeague",2021-12-26,19994,389,34,Premier League,2021
517,2lOpTDug35s,SmackDown&#39;da YÄ±lbaÅŸÄ± BÃ¶yle KutlanÄ±r! | WWE SmackDown (TÃ¼rkÃ§e AnlatÄ±m),2021-12-26,3396,92,8,WWE,2021
518,pWNbxdLvbbs,Hakan Ã‡alhanoÄŸlu&#39;nun Sezonun Ä°lk YarÄ±sÄ±ndaki Golleri ve Asistleri,2021-12-23,299025,7261,300,other,2021
519,iCqDzay_ZmM,"Bologna, Santander ile FiÅŸi Ã‡ekiyor! #SerieA",2021-12-22,2754,50,9,Serie A,2021
520,6v6M9DgjelI,Premier League I Subway TÃ¼rkiye ile HaftanÄ±n Oyuncusu: Kevin De Bruyne,2021-12-17,5700,149,32,Premier League,2021
521,f96X8oArFyw,Frikik Ondan Sorulur! James Ward-Prowse! ğŸ¯ğŸ¯,2021-12-15,263307,5758,214,other,2021
522,wXk0renve7Y,iddaa.com | Manchester City - Leeds United (7-0) - MaÃ§ Ã–zeti - Premier League 2021/22,2021-12-14,1288904,25339,1426,Premier League,2021
523,pFMmLW65IZw,Houston Rockets YÃ¼kseliyor! | Miray Ã‡avuÅŸoÄŸlu &amp; Orkun Ã‡olakoÄŸlu | NBA GÃ¼nlÃ¼ÄŸÃ¼,2021-12-14,2847,67,4,NBA,2021
524,Xm_6B0-7xPQ,Premier League I Subway TÃ¼rkiye ile HaftanÄ±n Ä°z BÄ±rakanÄ±: Raheem Sterling!,2021-12-13,4820,84,6,Premier League,2021
525,NLUkVNyMvQ0,Hakan Ã‡alhanoÄŸlu&#39;ndan Muazzam Gol! ğŸ¯ğŸ¯ğŸ¯,2021-12-12,1466093,30645,1651,other,2021
526,pAU93RfNN98,Sergio Perez&#39;den MuhteÅŸem Savunma! | Formula 1 I 2021 Abu Dhabi GP,2021-12-12,533951,6285,753,Formula 1,2021
527,NtXmvClmrb8,Max Verstappen&#39;den Åampiyonluk AtaÄŸÄ±! | Formula 1 I 2021 Abu Dhabi GP,2021-12-12,691761,8685,1171,Formula 1,2021
528,tWXfuRCvdmg,Liverpool Mohamed Salah ile 1-0 Ã–nde! #PremierLeague,2021-12-11,31887,628,60,Premier League,2021
529,ooI2XivJLD4,"AltÄ±n Oran | Ä°ddaa Tahminleri - SÃ¼per Lig, Premier Lig, Bundesliga, La Liga, Serie A, Ligue 1",2021-12-10,8826,157,26,Serie A,2021
530,c_KJYWKlDyc,Martin Ã˜degaard&#39;dan Arsenal&#39;e Ä°laÃ§ Gibi Gelen Bir Gol! ğŸ”¥ #PremierLeague,2021-12-06,74214,1411,80,Premier League,2021
531,RRJfi0Cuc14,Hamilton - Verstappen Ã‡arpÄ±ÅŸtÄ±! | Formula 1 I 2021 Suudi Arabistan GP,2021-12-06,136216,895,185,Formula 1,2021
532,v4tqzXazPz8,iddaa.com | Roma - Inter (0-3) - MaÃ§ Ã–zeti - Serie A 2021/22,2021-12-04,896046,13419,786,Serie A,2021
533,EoHyADfzd0A,iddaa.com | Manchester United - Arsenal (3-2) - MaÃ§ Ã–zeti - Premier League 2021/22,2021-12-02,2100780,37950,2047,Premier League,2021
534,t5DLH3XoMII,Cristiano Ronaldo&#39;nun Kariyerindeki 800. GolÃ¼! ğŸ”¥ğŸ”¥ğŸ”¥,2021-12-02,110965,2668,414,other,2021
535,vxymArmXXB0,Junior Messias FÄ±rsatÃ§Ä±lÄ±ÄŸÄ±nÄ± KonuÅŸturdu! #SerieA,2021-12-01,8249,123,15,Serie A,2021
536,oyABfhrZagc,iddaa.com | Liverpool - Arsenal (4-0) - MaÃ§ Ã–zeti - Premier League 2021/22,2021-11-20,1545462,25898,1311,Premier League,2021
537,Hoy_3BvIT0g,iddaa.com | Tottenham - Manchester United (0-3) - MaÃ§ Ã–zeti - Premier League 2021/22,2021-10-30,2298511,41409,2455,Premier League,2021
538,WHgkK7EjYwA,iddaa.com | Manchester United - Liverpool (0-5) - MaÃ§ Ã–zeti - Premier League 2021/22,2021-10-24,2914408,50017,4875,Premier League,2021
539,muXmdn3TVWA,Cristiano Ronaldo Sinirlerine Hakim OlamadÄ±! ğŸ¤”ğŸ¤” #PremierLeague,2021-10-24,982462,13780,2063,Premier League,2021
540,B9csUxJ3a-8,iddaa.com | Leicester City - Manchester United (4-2) - MaÃ§ Ã–zeti - Premier League 2021/22,2021-10-16,2003512,36187,2253,Premier League,2021
541,g9xr0XZKb7I,Ä°spanya 1-2 Fransa | UEFA Nations League Final MaÃ§Ä± Ã–zeti,2021-10-10,908741,16304,1134,International,2021
542,E4952V8W6f0,BelÃ§ika 2-3 Fransa | UEFA Nations League YarÄ± Final MaÃ§ Ã–zeti,2021-10-07,1748208,34304,1342,International,2021
543,sCpKVo5U8a0,iddaa.com | Liverpool - Manchester City (2-2) - MaÃ§ Ã–zeti - Premier League 2021/22,2021-10-03,2236050,41044,2219,Premier League,2021
544,_5a83HAcN3E,Merih Demiral Kanlar Ä°Ã§inde KaldÄ± ve ÃœstÃ¼ne SarÄ± Kart GÃ¶rdÃ¼! ğŸ˜³ #SerieATIM,2021-09-18,1412971,17328,971,Serie A,2021
545,kE_99E_GgzY,iddaa.com | Manchester United - Newcastle United (4-1) - MaÃ§ Ã–zeti - Premier League 2021/22,2021-09-11,3480105,68015,4585,Premier League,2021
546,IWiiWKVWpjY,OlaylÄ± Start | Formula 1 I 2021 Britanya GP,2021-07-18,590016,3673,614,Formula 1,2021
547,NMBV95LjgLY,Rey Mysterio ve OÄŸlu Ä°ntikam PeÅŸinde! | WWE Smackdown (TÃ¼rkÃ§e AnlatÄ±m),2021-06-12,1072358,12163,1130,WWE,2021
548,BD5CC6yyZNM,NorveÃ§ 0-3 TÃ¼rkiye | MaÃ§ Ã–zeti | 2022 DÃ¼nya KupasÄ± Avrupa Elemeleri - G Grubu,2021-03-28,1524822,25384,2045,International,2021
